id,planet,is_retrograde,is_direct,reading,source_month,source_sign
1,木星,True,False,(在那期间有部分时间木星是在逆行的，所以你过去最强的时期是在2021年5月13日至6月20日）,2022-01,双子座
2,木星,True,False,与2021年不同的是，2022年的头几个月，木星在你的第十宫荣誉、奖项和成就宫位时，有一半的时间是微弱地逆行着，而在2022年的第一个月木星将保持强劲的状态,2022-01,双子座
3,水星,True,False,一定要对你的选择的范围保持开放态度，直到你能看清所拥有的布局情况，因为你的守护星水星将在1月14日至2月3日里逆行,2022-01,双子座
4,金星,True,False,金星目前也在逆行，这一星象从12月19日开始，将持续到1月29日,2022-01,双子座
5,金星,True,False,也最好把做医美的计划推迟到2月，包括打肉毒杆菌和填充什么的——这些可能是都价格不匪，所以你会想在金星清醒并能支持你的时候再去看皮肤科医生，而不是在她逆行睡觉的时候,2022-01,双子座
6,金星,True,False,如果你是单身，本月金星逆行的时候，你遇到了新的人，可能会发生激烈的感情，但又会很快冷却下来，因为金星掌管感情——金星在逆行的期间会限制这种感情,2022-01,双子座
7,水星,True,False,水星，你的守护星，将从1月14日逆行到2月3日，所以只有在水星调节好其轨道后，安排才能变得稳固,2022-01,双子座
8,冥王星,False,True,太阳和冥王星将在此时相合，所以如果你正在寻找贷款人、赞助人或风险资本，你可能会在握手时达成协议，并开始起草法律文件，在下个月签署（在水星——你的守护行星和管理所有通信和合同的行星——2月3日顺行之后）,2022-01,双子座
9,金星,True,True,金星在2021年12月19日开始逆行，并将在2022年1月29日顺行,2022-01,双子座
10,木星,True,False,而今年，从现在一直到5月10日，木星会以光速前进，不会逆行，这就让年初这段时间非常特别,2022-01,双鱼座
11,金星,True,False,我必须在这里补充一点免责声明，因为金星从2021年12月19日就开始逆行，直至2022年1月29日,2022-01,双鱼座
12,水星,True,False,水星逆行期间，不应该购买电子设备，无论是电脑、智能手机、相机和洗碗机、冰箱或吸尘器，以及任何其他有电子元件或运动部件齿轮的物品（水星主宰这两者）,2022-01,双鱼座
13,水星,True,False,1月14日到2月3日，你的主星水星逆行，所以我希望你等一等再发出正式申请，2021年12月19日金星开始了逆行，将持续到1月29日，这个月是个缓慢的开始，但可能让你很开心——工作要求不高，节奏更平和，听着不错,2022-01,处女座
14,金星,True,False,1月14日到2月3日，你的主星水星逆行，所以我希望你等一等再发出正式申请，2021年12月19日金星开始了逆行，将持续到1月29日，这个月是个缓慢的开始，但可能让你很开心——工作要求不高，节奏更平和，听着不错,2022-01,处女座
15,金星,True,False,多放松一点的时机完美，1月有个缓慢从容的开始，因为金星和水星都会逆行，水星、金星、火星距离地球最近，我们总是感受到它们的影响，比外行星明显许多，所以现在两星逆行，要到1月末甚至2月初才看到生活节奏加速，是完全可以理解的,2022-01,处女座
16,水星,True,False,多放松一点的时机完美，1月有个缓慢从容的开始，因为金星和水星都会逆行，水星、金星、火星距离地球最近，我们总是感受到它们的影响，比外行星明显许多，所以现在两星逆行，要到1月末甚至2月初才看到生活节奏加速，是完全可以理解的,2022-01,处女座
17,金星,True,False,2021年12月19日到1月29日，金星逆行，金星掌管感情，这个月逆行，可能是长期感情关系有些波动感的原因,2022-01,处女座
18,水星,True,False,另外，1月14日到2月3日，你的主星水星逆行，也增加了混乱不受控的感觉,2022-01,处女座
19,金星,True,False,你可能有一份合同或租约要签，或者你可能即将交割房产，但你要知道这个月金星和水星会逆行,2022-01,天秤座
20,金星,True,False,金星也碰巧掌管着你代表他人钱财的第八宫，所以这个宫位也会感受到金星逆行的影响,2022-01,天秤座
21,金星,True,False,还有另一个棘手问题——金星的小弟水星也将在这个月开始逆行，从1月14日到2月3日,2022-01,天秤座
22,金星,True,False,还有，即使在金星还在逆行的时候，你收到的各种消息也会是意想不到且正面的,2022-01,天秤座
23,金星,True,False,1月大部分时间金星都在逆行，这一趋势从12月19日开始到1月29日结束,2022-01,天秤座
24,金星,True,False,作为补充，金星掌管美丽和奢华，所以金星逆行时不适合安排改变外形的计划,2022-01,天秤座
25,金星,True,False,除了金星逆行之外，金星的小弟水星也将从1月14日到2月3日开始逆行,2022-01,天秤座
26,水星,True,False,除了金星逆行之外，金星的小弟水星也将从1月14日到2月3日开始逆行,2022-01,天秤座
27,天王星,False,True,在这次1月17日满月之后接踵而来的是天王星将在1月18日恢复顺行，这对你来说是个好消息，因为这颗代表惊喜的行星掌管着你的第五宫真爱宫,2022-01,天秤座
28,天王星,True,False,天王星从8月19日逆行后就开始沉睡，所以你应该会在1月18日之后看到有爱的进展——几乎是马上,2022-01,天秤座
29,金星,True,False,在一月的时候你还没有办法领略到这个星象的全貌，因为掌管着爱情，浪漫，社交，奢华和享乐的金星正在逆行，当金星打瞌睡的时候，她会收起自己最强的能量,2022-01,天蝎座
30,金星,True,False,等到1月29日金星停止逆行（多给几天时间），你就可以去做那些你之前想做的事啦,2022-01,天蝎座
31,水星,True,False,水星在这个月也会逆行，从1月14日到2月3日，在水瓶座你的家庭宫,2022-01,天蝎座
32,金星,True,False,在这个积极的月份里（尽管金星和水星在逆行），所有的天蝎座都会受益，因为土象摩羯强调的元素跟你的水象元素融合的特别好,2022-01,天蝎座
33,天王星,True,True,最后一个好消息——掌管着惊喜的天王星从8月19日开始就在逆行，现在终于要在1月18日恢复顺行了,2022-01,天蝎座
34,天王星,True,False,此外，天王星正在你的承诺伴侣宫过境，而且就像上面提到的，他从去年8月开始了逆行,2022-01,天蝎座
35,水星,True,False,水星会从1月14日至2月3日逆行，所以你的电脑设备可能会出现问题，因为水星这次会逆行在掌管着数字科技的水瓶座,2022-01,天蝎座
36,金星,True,False,金星和水星在1月份都会逆行，这两颗星星都是轨道离地球最近的，水星，金星和火星是我们对其逆行感受最明显的,2022-01,射手座
37,水星,True,False,金星和水星在1月份都会逆行，这两颗星星都是轨道离地球最近的，水星，金星和火星是我们对其逆行感受最明显的,2022-01,射手座
38,火星,True,False,金星和水星在1月份都会逆行，这两颗星星都是轨道离地球最近的，水星，金星和火星是我们对其逆行感受最明显的,2022-01,射手座
39,金星,True,False,金星掌管爱与爱恋，但如果你在金星逆行时开启一段新感情，你们之间的爱恋可能会维持在一个低水平的状态,2022-01,射手座
40,水星,True,False,当然，水星逆行也不是买电子产品的时候（包括车），因为你可能之后会觉得买错了型号或有什么其他情况让你不喜欢了,2022-01,射手座
41,木星,True,False,这颗大吉星确实给了你一小段预告，2021年的5月13日到7月28日，最强烈的阶段是5月13日到6月20日之间，那之后木星就开始逆行，变得更虚弱了,2022-01,射手座
42,金星,True,False,金星掌管新恋情，当它逆行时，它会撤回它丰富的爱恋表达，所以这时也不适合开始与新人约会,2022-01,射手座
43,金星,True,False,同时金星的兄弟水星也会逆行，掌管交流和合约的水星会从1月14日到2月3日逆行，三周半的时间，每12周逆行一次，大概一年有四次,2022-01,射手座
44,水星,True,False,同时金星的兄弟水星也会逆行，掌管交流和合约的水星会从1月14日到2月3日逆行，三周半的时间，每12周逆行一次，大概一年有四次,2022-01,射手座
45,天王星,True,True,1月还有其他喜讯，去年8月19日以来，天王星一直在逆行，1月18日它终于要恢复顺行了,2022-01,巨蟹座
46,金星,True,False,金星还象征着爱情，它在摩羯座内逆行可能会限制此刻或未来你们的感情表达,2022-01,巨蟹座
47,金星,True,False,1月14日-2月3日，金星的小兄弟水星也将逆行，他将引起沟通上的误解,2022-01,巨蟹座
48,水星,True,False,1月14日-2月3日，金星的小兄弟水星也将逆行，他将引起沟通上的误解,2022-01,巨蟹座
49,金星,True,False,从去年12月19日起至今年1月29日，金星都在逆行，这一整个月还将是这样的状态，所以关于家装、做出家庭外观方面的调整和自我外形上的改变等，最好暂时搁置,2022-01,巨蟹座
50,天王星,True,True,去年8月19日起，天王星就一直在逆行，好消息是，1月18日它将恢复顺行,2022-01,巨蟹座
51,天王星,True,False,那就是天王星正行经你的第5宫真爱宫，自从去年8月19日以来它一直在逆行,2022-01,摩羯座
52,金星,True,False,金星逆行时并不是结识新人的好时候，因为金星掌管着吸引力，因而会导致新建立的关系中感情有限,2022-01,摩羯座
53,金星,True,False,金星、水星和火星的逆行都将令我们感受强烈，因为它们的运行轨道距离地球最近,2022-01,摩羯座
54,火星,True,False,金星、水星和火星的逆行都将令我们感受强烈，因为它们的运行轨道距离地球最近,2022-01,摩羯座
55,金星,True,True,现在正在摩羯座内的金星在12月19日开始逆行，直至1月29日才恢复顺行,2022-01,摩羯座
56,金星,True,False,但金星在摩羯座内时，你可能被注入一种“新的一年，新的自己”的感觉，但由于金星掌管着美且正在逆行，因此现在先别对你的外貌做大的改动,2022-01,摩羯座
57,金星,True,False,同样也得推迟社交活动或举办大型聚会——这在掌管快乐和奢华的金星逆行之际同样不是个好时候,2022-01,摩羯座
58,金星,True,True,自去年12月19日开始，金星就进入了逆行状态，直到1月29 才恢复顺行,2022-01,水瓶座
59,水星,True,False,1月14日至2月3日期间，“聪明的小淘气”水星也将在水瓶座逆行,2022-01,水瓶座
60,天王星,True,False,有一个非常棒的消息，自去年8月19日开始，你的主星天王星就进入逆行状态，这种情况会在1月18日结束,2022-01,水瓶座
61,金星,True,False,虽然1月的节奏相对平缓，但不要误以为这是静谧的一年，因为本月跟接下去的几个月“风格迥异”，（现在之所以出现这种情况是因为）金星一直逆行到1月29日才结束,2022-01,水瓶座
62,金星,True,False,芸芸众生都有需要休息的时候，金星也不例外，每隔18个月，它就会进入为期6周的逆行期,2022-01,水瓶座
63,水星,True,False,水星将于1月14日至2月3日期间逆行，这段时间你更要避免做出重要承诺，包括买卖房产或与父母有关的计划,2022-01,水瓶座
64,金星,True,False,原因在这里：金星还处于逆行状态，从12月19日开始一直持续到1月29日，金星的小伙伴水星也想加入行列,2022-01,狮子座
65,金星,True,False,金星逆行时，不要注射肉毒杆菌或填充物，也不要对容貌做大的改变，比如从长头发变为很短的头发或染一个截然不同的发色,2022-01,狮子座
66,金星,True,False,如果你是单身，希望找到真诚长久的爱，请避开金星逆行的阶段，因为这期间她对感情维系的能力会下降,2022-01,狮子座
67,金星,True,False,当然，你也可能在工作中检查项目事项进度，但随着金星逆行，你可能会发现进度比预期要慢,2022-01,狮子座
68,金星,True,False,除了金星，她的小兄弟水星也将逆行，从1月14日到2月3日，这是1月节奏缓慢的另一个原因,2022-01,狮子座
69,金星,True,False,请牢记在1月2日发生的新月是非常有力量的，太阳和新月还会伴随着冥王星和金星的到来，而这个星象对于你们来说特别的友好，我们不得不抬头看一看整个宇宙，唯一影响就是金星在逆行,2022-01,白羊座
70,金星,True,False,金星不仅仅是掌管爱情、快乐、金钱和人气，同时它还掌管着好看的外表，上个月我曾经提到过，对于白羊座来说，无论是男性还是女性，最好不要在金星逆行期间，在外貌上去做很大的变化和改动，避免做脸部提升、或玻尿酸填充等，不要改变自己的发型或者换新护肤产品线,2022-01,白羊座
71,天王星,True,True,而我的第三或者是最后1点是有关于还是有关于天王星的，他从8月19号开始一直处在逆行的状态，而来到1月18日的时候就会恢复顺行,2022-01,白羊座
72,天王星,False,True,请牢记天王星将会在1月18日开始恢复顺行，这意味着会你们会从亲近的朋友那边获得更多的快乐以及帮助,2022-01,白羊座
73,金星,True,False,本月金星仍然在逆行(12月19日到1月29日)，很快，金星的小弟弟水星也会逆行(1月14日到2月3日),2022-01,白羊座
74,水星,True,False,本月金星仍然在逆行(12月19日到1月29日)，很快，金星的小弟弟水星也会逆行(1月14日到2月3日),2022-01,白羊座
75,水星,True,False,大多数时候，水星会在白羊的友谊宫逆行，这增加了你遇到很久没见的老朋友的机会,2022-01,白羊座
76,水星,True,False,水星开始逆行时停留在水瓶座，随后在1月25日回到摩羯座，代表白羊职业第十宫,2022-01,白羊座
77,水星,True,False,水星将在1月14日逆行至2月3日，所以虽然这不是一个订购家具或签署房子或公寓的时间，但你可以在1月早期（尽可能早）做任何这些事情,2022-01,白羊座
78,金星,True,False,金星几乎整个月都在逆行，一直到1月29日，12月19日就开始逆行了,2022-01,白羊座
79,金星,True,False,在金星逆行的一部分时间里，她的小弟弟水星也会效仿她的行动，从1月14日到2月3日，水星也会逆行，这次水星逆行的大部分时间和金星逆行重叠,2022-01,金牛座
80,水星,True,False,在金星逆行的一部分时间里，她的小弟弟水星也会效仿她的行动，从1月14日到2月3日，水星也会逆行，这次水星逆行的大部分时间和金星逆行重叠,2022-01,金牛座
81,金星,True,False,金星和水星都在逆行阶段，如果你立马就签名，那么你可能会忽视一些关键点，后期，这些问题可能会导致澄清、精简或者完全改变某些事,2022-01,金牛座
82,金星,True,False,金星会一直逆行到1月29日，金星在逆行的时候发挥的能量是受限制的,2022-01,金牛座
83,金星,True,True,你的守护星金星会在29日恢复顺行，去年12月19日金星开始逆行,2022-01,金牛座
84,天王星,True,False,然而，1月18日，第十宫的守护星天王星会和太阳形成相位，第十宫掌管荣誉和名望，这次天王星会一扫逆行时的虚弱，全速前行,2022-01,金牛座
85,天王星,True,True,8月19日以来，天王星一直在持续逆行，但是在1月18日天王星会恢复顺行,2022-01,金牛座
86,金星,True,True,除此之外，金星，这个掌管你的财务和利润（第八宫）以及你的爱情生活（第五宫）的行星，自12月19日以来一直在逆行，并最终在1月29日转为顺行,2022-02,双子座
87,金星,True,True,上个月，金星在逆行，但在1月29日会转为顺行，给了金星时间来提升她的能量，来迎接情人节,2022-02,双子座
88,金星,True,True,2月更活跃、更高效，比1月体验好多了，1月金星几乎整月逆行，从2021年12月19日开始，直到2022年1月29日才顺行，顺行本身就是好消息，金星掌管快乐、美和爱——金星逆行时这些领域都失去活力，现在开始逐渐恢复到之前的正常力量,2022-02,处女座
89,水星,True,True,1月还有个原因导致进度变慢，你的主星水星1月14日也开始逆行，2月4日才顺行，水星恢复正常后，你几乎立即感受到能量的上扬，节奏将明显加速，不再出现更多延误，不再总去喊技术人员帮你修理部门电脑或其他崩溃的设备,2022-02,处女座
90,金星,True,True,金星不再逆行，2月4日你的主星水星也顺行了，后面就是蓝天白云、一路坦途,2022-02,处女座
91,金星,True,True,2月要比1月运转得更快，因为你的守护星金星从去年12月19日就开始逆行了，将在1月29日恢复顺行,2022-02,天秤座
92,金星,True,True,金星最近在逆行（2021年12月19日-2022年1月29日），现在恢复了顺行——你不会再遇到延迟,2022-02,天秤座
93,水星,True,True,水星在2月3日恢复顺行，金星是从12月19日开始逆行的，已经在1月29日恢复顺行了,2022-02,射手座
94,金星,True,False,还有一件事：金星从2021年12月19日-2022年1月29日逆行，巨蟹座在家庭事务，以及涉及到交友等社交活动中进展缓慢,2022-02,巨蟹座
95,水星,True,True,雪上加霜的是，水星也加入了逆行的行列，但好在2月3日，水星将恢复顺行,2022-02,巨蟹座
96,金星,True,False,金星和水星之所以逆行，其实是它们的运行轨迹与地球太近了（火星也如此，但它的轨道图像受影响不大）,2022-02,巨蟹座
97,金星,True,True,然而，本月，因为金星逆行（现在已经恢复顺行了），火星和金星将在巨蟹座代表婚姻和长久关系（比如已经建立长久关系的恋爱）的第七宫，完美相合,2022-02,巨蟹座
98,金星,True,False,金星的逆行期也结束了（12月19日至1月29日），现在，它每一天都在变得更加地强大,2022-02,摩羯座
99,金星,True,True,2021年12月19日，金星开始了在摩羯座的逆行，在1月29日，它恢复了顺行,2022-02,摩羯座
100,水星,True,True,1月14日，水星开始了逆行，造成了一些混乱和延迟；在2月3日，它恢复了顺行,2022-02,摩羯座
101,金星,True,False,因为上个月的金星一直在逆行，直到1月29日才刚刚结束，而且水星也在水瓶座逆行，直到2月3日才结束,2022-02,水瓶座
102,水星,True,False,因为上个月的金星一直在逆行，直到1月29日才刚刚结束，而且水星也在水瓶座逆行，直到2月3日才结束,2022-02,水瓶座
103,金星,True,True,掌管着水瓶座家宅宫的金星自从去年12月19日就进入了逆行状态，但幸运的是，它在1月29日总算恢复了顺行,2022-02,水瓶座
104,金星,True,True,金星在上个月逆行，但在1月29日转为顺行，这是一个积极的方面，水星也在上个月逆行，并在2月3日转为顺行——等到这一天之后再接受并制定计划，如前所述，可以考虑2月8日或17日,2022-02,狮子座
105,水星,True,True,金星在上个月逆行，但在1月29日转为顺行，这是一个积极的方面，水星也在上个月逆行，并在2月3日转为顺行——等到这一天之后再接受并制定计划，如前所述，可以考虑2月8日或17日,2022-02,狮子座
106,水星,True,False,你们会发现2月的节奏要比1月来得快许多，从2月3日开始，水星正式的进入逆行，而金星也在1月29日，从12月19日开始的逆行状态恢复过来,2022-02,白羊座
107,金星,True,False,你们会发现2月的节奏要比1月来得快许多，从2月3日开始，水星正式的进入逆行，而金星也在1月29日，从12月19日开始的逆行状态恢复过来,2022-02,白羊座
108,金星,True,True,现在金星在摩羯座，而且已经结束了逆行（金星在1月29日结束逆行，因此，现在金星是在顺行）,2022-02,金牛座
109,木星,True,False,木星在2021年5月13日至7月28日间曾短暂造访双鱼座，然而木星能量最好最强的时段却只有5月13日至6月20日之间（6月20日后，木星就逆行了）,2022-03,双鱼座
110,木星,True,False,同样重要的事实还有，木星的行进速度非常快，并且年初不会逆行——这意味着能量格外强大,2022-03,双鱼座
111,金星,True,False,那是因为当时金星在逆行，但这个，金星正处于2022年对你最佳的几个位置之一,2022-03,天秤座
112,木星,True,False,还要考虑到木星，土星，天王星，海王星和冥王星这些外行星每隔4到5个月就会逆行，这就更说明问题了,2022-03,射手座
113,金星,True,False,金星结束了逆行，火星到10月下旬前都不会逆行，10月下旬到2023年1月中旬会逆行,2022-03,射手座
114,火星,True,False,金星结束了逆行，火星到10月下旬前都不会逆行，10月下旬到2023年1月中旬会逆行,2022-03,射手座
115,金星,True,False,金星刚于过去12月底至1月绝大部分时间里逆行，而火星则将于2022年10月30日逆行至2023年1月12日,2022-03,摩羯座
116,火星,True,False,金星刚于过去12月底至1月绝大部分时间里逆行，而火星则将于2022年10月30日逆行至2023年1月12日,2022-03,摩羯座
117,木星,True,False,外行星——即木星、土星、天王星、海王星和冥王星——也都会逆行，它们的逆行期是长期且持续的，每次4-5个月不等,2022-03,摩羯座
118,水星,True,False,我们通常对水星、金星和火星逆行的感受强于外行星的逆行，因为水星、金星和火星的轨道距离地球更近，但这对所有八颗行星来说都是极不寻常的，因为它们有如此不同的轨道（是的，还包括冥王星在内）,2022-03,摩羯座
119,水星,True,False,尽量在4月你倍受青睐时，尽可能多地结束更多任务和项目收尾，因为下个月，水星将从5月10日到6月3日逆行,2022-04,双子座
120,木星,True,False,（2033年9月，木星会逆行会水瓶座，12月再次进入双鱼座，并一直停留到2034年4月，因此，要好好利用这段时光,2022-04,双鱼座
121,木星,True,False,木星将在10月27日逆回到双鱼座，并停留至2022年12月20日，木星将在2022年11月23日停止逆行,2022-04,双鱼座
122,水星,True,False,占星学中，启动时机很重要，这样可以在水星逆行时，你能继续前进而不会受到太多阻碍,2022-04,双鱼座
123,水星,True,False,下个月，水星将于5月10日开始逆行直至6月3日，所以在5月10日之前完成签署、密封和交付对你更有好处,2022-04,双鱼座
124,木星,True,False,这个阶段的前半程，2022年10月28日到11月23日，木星是逆行的，海王星则逆行到12月3日,2022-04,处女座
125,海王星,True,False,这个阶段的前半程，2022年10月28日到11月23日，木星是逆行的，海王星则逆行到12月3日,2022-04,处女座
126,木星,False,True,2022年12月3日海王星顺行，但我觉得这些星象里，木星还是最重要的,2022-04,处女座
127,水星,True,False,4月尽量多做完一些事，因为你的主星水星，5月10日到6月3日期间逆行,2022-04,处女座
128,水星,True,False,下个月5月10日-6月3日，水星即将逆行，而5月一开始你就会感受到水逆,2022-04,天秤座
129,水星,True,False,如果你需要电子设备，在4月越早买越好（离5月远点），很快水星就要开始逆行咯,2022-04,天蝎座
130,水星,True,False,最后要说的就是，这个月尽量多完成一些事情，因为下个月水星会从5月10日到6月3日逆行,2022-04,射手座
131,水星,True,False,水星将从5月10日逆行到6月3日，所以有什么事尽量在4月完成，5月就剩点收尾的工作,2022-04,巨蟹座
132,水星,True,False,记住，你需要在4月完成所有重要活动，因为到了5月，水星将在5月10日至6月3日逆行,2022-04,摩羯座
133,水星,True,False,但也要记住，下个月水星就要逆行了，从5月10日一直持续到6月3日结束,2022-04,水瓶座
134,水星,True,False,水星将从5月10日到6月3日逆行，所以这个月尽快签名、盖章、完成交付,2022-04,狮子座
135,水星,True,False,你们会比先前更容易的去赚大钱，在5月15日前，你们可能会建立一些对话，请记住等到5月那个时候水星正在进行逆行，所以说时机不如现在好,2022-04,白羊座
136,水星,True,False,你急于扩张事业版图还有一个原因——下个月，也就是5月10日到6月3日，水星会逆行,2022-04,金牛座
137,木星,True,False,在20世纪20年代，木星和海王星在狮子座形成合相，简直太兴奋了（木星和海王星分别在1919年9月、1920年3月和1920年4月形成了三次合相，因为在此期间有逆行的情况）,2022-04,金牛座
138,水星,True,False,本月，水星将从5月10日至6月3日逆行，部分时间在水星统治的星座——双子座，部分时间（从5月22日开始）在金牛座,2022-05,双子座
139,水星,True,False,你有这么多事情要做，我不希望你让水星逆行搅乱了一个良好而强大的月份,2022-05,双子座
140,木星,True,False,不过他将在10月27日至11月23日逆行，之后直至12月20日木星都将以健康的姿态陪伴你,2022-05,双鱼座
141,水星,True,False,水星将在5月10日至6月3日逆行，如果有文件需要签署，最好在上月或五月初完成,2022-05,双鱼座
142,水星,False,True,如果必须签署有约束力的协议，那就选在月初或者等到水星恢复顺行后几天,2022-05,双鱼座
143,木星,True,False,木星将在10月27日至11月23日逆行，所以最好的时间应是11月23日至2022年12月20日之间,2022-05,双鱼座
144,水星,True,False,你可能急于做出改变、决定或尽快采取行动，但别忘了，水星此时还在逆行，你最好等到6月再开始，而且要离6月3日有几天最好,2022-05,双鱼座
145,水星,True,False,这里面还有一颗星体参与，你的主星水星，5月10日逆行到6月3日，从4月最后一周开始，你已经提前感觉到水星带来的减速,2022-05,处女座
146,水星,True,False,我知道5月29日和后面几天水星还在逆行，但讨论和规划还是很好的，只是6月3日之后再做定论,2022-05,处女座
147,水星,True,False,可能要求你签合同，5月10日到6月3日水星逆行，不建议在这期间签合同,2022-05,处女座
148,水星,True,False,前面说了，水星逆行，如果你面试高位，进展可能慢一些，如果你在开张自己的业务，也是，可能面对一些拖延，但拖延对你有利,2022-05,处女座
149,水星,True,False,水星将在5月10日-6月3日逆行，所以如果你将要购买房产或出售房产，就要小心了,2022-05,天秤座
150,水星,True,False,水星从5月10日开始逆行，但你会从4月最后一周就开始感觉到所有事情的节奏越来越慢，沟通也越来越混乱,2022-05,天秤座
151,水星,True,False,水星将在双子座逆行，而水星正是双子座的守护星，所以这次水逆的影响会更强,2022-05,天秤座
152,水星,True,False,毕竟，水星每年逆行三次，为期三周半，所以你很熟悉这个小破坏王的套路,2022-05,天秤座
153,木星,True,True,前半段木星处于逆行状态，11月23日恢复顺行，强大的能量会保持到12月20日离开，刚好可以保证你的愉快假日时光,2022-05,天蝎座
154,水星,True,False,如果你正在编辑文件，不要急于求成，因为水星会在5月10日到6月3日逆行,2022-05,天蝎座
155,水星,True,False,水星从5月10日开始逆行，所以先不要发出申请，等到6月3日之后再做,2022-05,天蝎座
156,水星,True,False,如果你手头有文件要签的话那就尽量在月初的时候签，越早越好，不要等到太靠近5月10日水星要开始逆行的时候,2022-05,射手座
157,水星,True,False,在水星开始逆行之前，我觉得最适合做决定，发声明以及签约的日子是5月2日的周一，以及5月3日的周二，那两天木星和冥王星会形成完美的相位,2022-05,射手座
158,水星,True,False,水星将在本月从 5 月 10 日到 6 月 3 日逆行，所以几乎是你的工作或任务有可能从你的指尖溜走并以失败告终，但现在它可能会回到你身边,2022-05,巨蟹座
159,水星,True,False,如果你必须尽早签合同，那就在一个月中最好的一天，即 5 月 3 日，就在逆行前一周，但从技术上讲，水星还不会逆行,2022-05,巨蟹座
160,火星,True,False,此外，火星和木星都将进入新的星座，更复杂的是，水星将从 5 月 10 日到 6 月 3 日逆行,2022-05,巨蟹座
161,水星,True,False,没关系——你现在可能已经习惯了水星的诡计（毕竟，这种情况每年会发生 3 次，持续三个半星期），所以我敢说，到目前为止，你是处理水逆的专家、沟通不畅和逆行时的普遍混乱,2022-05,巨蟹座
162,水星,True,False,水星将于5月10日至6月3日期间逆行，生活会变得更加多变，但所有人都身处同样的状态，努力解决这种问题,2022-05,水瓶座
163,水星,True,False,火木合期间非常适合签署合约，但彼时水星还在逆行，可以等到6月3日之后再签署,2022-05,水瓶座
164,水星,True,False,水星将部分在你的专业领域逆行，部分在你的旅行和出版/广播领域逆行（也掌管法律事务和与获得高级学位相关的事务）,2022-05,狮子座
165,水星,True,False,你在4月的最后一周开始感受到水星的逆行失误和混乱的横流，所以我希望你不要在5月初签署任何合同，尽管逆行在技术上直到5月10日才开始,2022-05,狮子座
166,水星,True,False,这可能是搬家的日子，如果你已经找到了新的住处，或者是你关闭房子的日子，但我担心因为水星将逆行，我也担心天王星,2022-05,狮子座
167,水星,True,False,你可能会因为这样或那样的原因去维修店--机器在水星逆行期间显示出磨损的证据,2022-05,狮子座
168,水星,True,False,水星将在5月10日逆行，所以你最好在5月尽早签署文件（在给你的律师看完文件后）,2022-05,狮子座
169,水星,True,False,水星将从5月10日到6月3日逆行，白羊可能已经在4月的最后10天已经感受到水星的减速和令人疯狂的逆流,2022-05,白羊座
170,水星,True,False,水星逆行时，我们得学会有耐心，在所有的交流中需要表达的格外清楚,2022-05,白羊座
171,水星,True,False,让我们记得，水星逆行也有好的一面：比如，我们能和久未谋面的人会面；可能因为疫情而停滞的项目，重新复活；侦探找到了冷门的线索，你们找到了认为肯定掉了的物件,2022-05,白羊座
172,水星,True,False,在水星逆行的同一天，5月10日，木星将到达白羊座——这是12年来的第一次,2022-05,白羊座
173,水星,True,False,水星会在双子座逆行几乎半个月的时间，因此你需要暂缓合同合约的签订,2022-05,金牛座
174,水星,True,False,一路走来，你可能已经习惯水星逆行的节奏了，而且讲真，现在生活中还有很多积极的事情要做,2022-05,金牛座
175,木星,True,False,10月27日之后到12月20日，木星会逆行回到代表希望和愿景的第十一宫,2022-05,金牛座
176,海王星,True,False,不过海王星的逆行与水星、火星或金星的逆行不同，因为海王星并不像这三颗小行星离地球那么的轨道运行,2022-06,双子座
177,水星,True,False,不过海王星的逆行与水星、火星或金星的逆行不同，因为海王星并不像这三颗小行星离地球那么的轨道运行,2022-06,双子座
178,水星,True,True,你的守护星水星自5月10日以来一直在逆行，但将在6月3日转为顺行,2022-06,双子座
179,水星,True,False,5月10日起，水星开始逆行，你感觉到生活中某些领域因为一波又一波的事情不得不遭遇各种延迟，还可能有必要去修理什么东西——这些我们都不陌生,2022-06,双鱼座
180,水星,True,False,它不会有任何因为水星逆行而产生的延迟与混乱（就像五月份遭遇的这些一样）,2022-06,双鱼座
181,水星,True,True,另外你的主星水星将在6月3日顺行，这次水星逆行从5月10日开始，如果你觉得上个月遇到许多障碍和延迟，等水星在6月3日顺行之后，那些问题几乎立刻消失,2022-06,处女座
182,水星,True,False,但要注意，你的主星水星6月前三天还在逆行，这次水星逆行从5月10日持续到6月3日，要等到6月3日水逆结束之后再行动,2022-06,处女座
183,水星,True,False,上个月水星在你的财务宫双子座逆行，所以你可能为账单还款失败感到苦恼或者发现银行对账单有差错,2022-06,天蝎座
184,水星,True,True,5月10日水星逆行，所以如果你要申请贷款或救助，可以在6月3日水星恢复顺行之后提出申请，能够得到快速且通过的答复,2022-06,天蝎座
185,水星,True,False,跟五月比，六月是一个更好，更和煦，更多可能的月份，因为水星在5月10日的时候开始了逆行，造成了一些延误，混乱，以及误会,2022-06,射手座
186,水星,False,True,水星恢复顺行将会立刻推动你在职业方面的发展，而你可能已经在工作上卡住一阵子了，除此以外，你也可以开始表述清楚自己关于一段亲密关系的感受，这段关系的状态在最近不是很稳,2022-06,射手座
187,水星,True,False,这是五星级的吉日，水星逆行的影响彻底退散，好好利用6月20号吧,2022-06,巨蟹座
188,水星,True,False,如果你需要购买新的厨房电器，或家庭电子娱乐产品，我上个月曾督促你不要买，因为水星在逆行，而水星又掌管着电子产品及所有具有移动部件的机器（包括不要购买新车）,2022-06,摩羯座
189,水星,True,True,代表沟通、旅行和航运的水星，自5月10日以来一直在逆行，在6月3日恢复顺行,2022-06,狮子座
190,水星,True,False,然而从5月10日开始水星逆行，所以你可能迟迟没给出答案，或对这个提议有疑虑,2022-06,狮子座
191,水星,True,False,同时，几乎整个5月水星都在逆行，如果你遇到了延滞、取消、混淆、需要修理和沟通不畅的状况，水星不会给你任何帮助,2022-06,金牛座
192,土星,True,True,另一方面，土星正在你星盘中代表荣誉、成就和嘉奖的第十宫运行，他会从6月4日开始逆行，直到10月22日恢复顺行,2022-06,金牛座
193,火星,True,False,当他疲累时，在逆行还没有正式开始的时候，他就开始减速了，而你最快会在10月中旬火星于10月30日结束逆行之前就感受到他的减速了,2022-07,双子座
194,火星,True,False,我意识到，当火星逆行时，你可能会感到束手无策，但记住，我们都会在同一条船上,2022-07,双子座
195,火星,True,False,有一个小插曲，就是火星的小兄弟水星会有些在模仿，他会从9月9日到10月2日逆行,2022-07,双子座
196,水星,True,False,有一个小插曲，就是火星的小兄弟水星会有些在模仿，他会从9月9日到10月2日逆行,2022-07,双子座
197,水星,True,True,到那时，水星将转为顺行，他的大哥火星直到10月30日才会逆行（但到10月中旬速度就开始放缓了）,2022-07,双子座
198,水星,True,False,你会在8月底感受到来自水星的减速，因为我们总是在实际转折日期的前两周，开始感受到水星的即将逆行,2022-07,双子座
199,火星,True,False,在火星逆行期间，你有一张王牌，那就是木星也会开始逆行，但木星的逆行会对你有很大的帮助,2022-07,双子座
200,木星,True,False,在火星逆行期间，你有一张王牌，那就是木星也会开始逆行，但木星的逆行会对你有很大的帮助,2022-07,双子座
201,木星,False,True,木星进入这个位于你星盘最顶端的闪亮宫位的唯一方法是，从白羊座倒退到双鱼座，然后他将在11月23日（美国感恩节的前一天，帮助你记住）在这个同样崇高的事业宫顺行向前,2022-07,双子座
202,火星,True,False,的确，在这段时间里，火星仍将逆行，但木星在你代表名望与荣誉的第十宫是非常强大的，他将像灯塔一样在你星图的顶点闪耀,2022-07,双子座
203,火星,True,False,火星是我们所有人的教官，教育我们如何有效地竞争且取胜，但是火星逆行时是沉睡的，我们无法得到他的强大能量,2022-07,天蝎座
204,火星,True,False,火星会从2022年8月20日到2023年3月25日的时候在双子座，在这段日子的中间——2022年10月20日至2023年1月12日——火星会逆行,2022-07,射手座
205,火星,True,False,我觉得我应该把另一只靴子也扔下来了，让你知道火星的小兄弟水星就是一个跟风的，也会逆行,2022-07,射手座
206,水星,True,False,我觉得我应该把另一只靴子也扔下来了，让你知道火星的小兄弟水星就是一个跟风的，也会逆行,2022-07,射手座
207,火星,True,False,那时候你们可能找到了最佳地点，但因为那时还有火星逆行的影响，可以把美好的结尾留在1月12日以后,2022-07,白羊座
208,水星,True,False,这个月充满了有趣的事情，而且水星、火星和金星都很支持你（且没有一个逆行），你的工作会很高效,2022-07,金牛座
209,火星,True,False,现在发生的原因是，火星将逆行近11周，从2022年10月30日到2023年1月12日,2022-08,双子座
210,水星,True,False,当水星、金星和火星处于逆行时，比起其他行星，我们会更直接地感受到它们，因为这三颗行星的轨道最为接近地球,2022-08,双子座
211,火星,False,True,随着火星进入顺行状态，你会觉得自己每天要喝20杯咖啡，所以你必须学会自己把握节奏,2022-08,双子座
212,火星,True,False,如果火星的正常造访时间是六或七周，而这次旅行有七个月，你会因为逆行而失去什么宝贵的时间吗,2022-08,双子座
213,火星,False,True,黄金三角的第三个顶点将落在你的第一宫，月末时顺行的火星将在双子座，给你带来罕见的控制力,2022-08,双子座
214,水星,True,False,水星将从9月9日逆行到10月2日，所以现在就买电器、电子产品、新家具、地毯、亚麻布——所有你需要的东西,2022-08,双子座
215,水星,True,False,不要把任何决定推迟到9月，因为水星将在9月9日至10月2日逆行,2022-08,双鱼座
216,火星,True,False,火星在双子座这么久是因为，2022年10月30日到2023年1月12日火星逆行，这个阶段你需要调整策略,2022-08,处女座
217,火星,False,True,上次火星在双子座停留很长时间要回溯到1990年10月20日，但那时只是部分时间，1990年12月14日火星进入金牛座，1991年1月1日火星在金牛座顺行,2022-08,处女座
218,火星,True,False,答案是，2022年10月30日到2023年1月12日火星逆行（火星双子座的中间阶段，整个火星双子座阶段是2022年8月20日到2023年3月25日）,2022-08,处女座
219,火星,True,False,上次火星完全在双子座逆行是1943年10月28日到1944年1月10日,2022-08,处女座
220,火星,True,True,再之前，1990年10月20日，火星在双子座逆行，1990年12月14日火星进入金牛座，最终于1991年1月1日在金牛座顺行，1991年1月20日重新进入双子座,2022-08,处女座
221,火星,True,False,火星之所以在双子座这么长时间，是因为他在双子座行运的中期会开始接近11周的逆行,2022-08,天秤座
222,火星,True,False,2022年8月20日-2023年3月25日，火星都在双子座，而逆行周期是2022年10月30日到2023年1月12日,2022-08,天秤座
223,火星,True,False,由于火星逆行，供应链问题会增加，所以如果你需要某种材料才能完成工作，那现在就下订单,2022-08,天秤座
224,火星,True,False,如果你希望在感情方面遇到新的人，就不要试图在火星逆行期间（2022.10.30-2023.1.12）开启初次约会,2022-08,天秤座
225,火星,True,False,如果你仔细看了火星在双子座的日子和它逆行的日子，你可能会好奇为什么我没有说你可以在九月推出新产品,2022-08,天秤座
226,水星,True,False,小水星将在9月9日-10月2日逆行，虽然你会在9月9日之前就感受到水星放慢了节奏,2022-08,天秤座
227,火星,True,False,因为火星将面临10月30日到2023年1月12日的逆行，此时最好不要有财务上的大动作，不要卖房买房或者把项目交给别人承包,2022-08,天蝎座
228,火星,True,False,火星会在你的第八宫运行七个月，时间这么长是因为它会在10月30日到2023年1月12日逆行,2022-08,天蝎座
229,火星,True,False,火星每两年逆行一次，不像其他行星那么频繁，所以我们会理所当然地认为火星一直在提供帮助,2022-08,天蝎座
230,水星,True,False,如果你正在推出新的产品或者服务，那要抓紧时间，因为水星会在9月9日至10月2日之间逆行,2022-08,射手座
231,水星,True,False,水星会在9月9日至10月2日之间逆行，所以明智的选择是不要在9月签署任何合约，因为如果你想维系双方的关系的话，那么那些你现在同意的条款在稍后的时候都需要重谈,2022-08,射手座
232,水星,True,False,下个月，你会从9月9日开始至10月2日期间感受到水星逆行带来的减速,2022-08,射手座
233,火星,True,False,火星通常不会经常逆行（每两年逆行一次），所以通常我们都会默认火星在背后支持着自己,2022-08,射手座
234,水星,True,False,9月9日-10月2日，水星将逆行，它掌管着机器和电子设备的运行，如果你想买新车、笔记本电脑、智能手机、电视、蓝牙耳机、空调、冰箱、洗衣机或其他任何电子设备或家庭大件，都在8月即刻行动，不要拖,2022-08,巨蟹座
235,水星,True,False,水星将从9月9日逆行到10月2日，你需要在动身之前把它寄给你的律师,2022-08,巨蟹座
236,水星,True,False,你可不会想与水星逆行纠缠，因为水星掌管所有机器中的移动部件，包括电子产品里的芯片,2022-08,摩羯座
237,火星,True,False,在火星行经双子的旅程途中，它将于2022年10月30日至2023年1月12日期间逆行,2022-08,摩羯座
238,火星,True,False,如果你是单身，那么当10月30日至2023年1月12日火星逆行之际不要去进行首次会面,2022-08,摩羯座
239,水星,True,False,在本月签署协议，而不是放在9月水星逆行之际，但你可以在10月初或非常接近10月8-9日白羊座那美妙满月之际签署合约,2022-08,摩羯座
240,火星,True,False,之所以会停留这么久是因为火星将于2022年10月30日至2023年1月12日期间逆行,2022-08,水瓶座
241,火星,True,False,从占星角度来看，火星逆行期间并不适合与新的人约会，因为火星掌管着“性”与“爱慕”,2022-08,水瓶座
242,火星,True,False,火星也与业务紧密相连，所以当它逆行时，一切事情都变得比往常更难完成,2022-08,水瓶座
243,火星,True,False,有个额外的问题是，火星的小兄弟水星也会在9月9日至10月2日期间逆行，这就是我为什么让你8月份一定要“高产”的原因,2022-08,水瓶座
244,水星,True,False,我希望你在8月份完成所有事，因为水星将从9月9日到10月2日逆行，所以必须在8月采取行动，别浪费时间,2022-08,狮子座
245,水星,True,True,10月30日，水星恢复顺行后不久，火星将逆行长达11周，直到2023年1月12日,2022-08,狮子座
246,水星,True,False,因为在下个月9月9日至10月2日期间，水星在天秤座逆行，但是你们可能再一迈入到9月已经感受到速度慢下来,2022-08,白羊座
247,火星,True,False,之所以火星这次会在双子座待那么久的时间，是因为在10月30号直到明年的1月12号期间，火星将会迎来一次逆行,2022-08,白羊座
248,水星,True,False,我们正处于水星逆行之前，因此，这个月要尽可能多地完成工作、签署文件、敲定交易,2022-08,金牛座
249,火星,True,False,下个月，火星将于10月30日逆行，但会提前减速，本月中旬就会开始，所以在10月30日火星逆行变弱之前就推出你很重要的产品或活动至关重要,2022-09,双子座
250,火星,True,False,火星将从2022年10月30日逆行至2023年1月12日，届时火星仍会昏昏沉沉，需要时间来振奋,2022-09,双子座
251,水星,True,False,同时，这个月，小兄弟水星要睡觉了，因为他看到自己的大哥火星准备睡觉了，他想打败自己的兄弟，所以水星将首先逆行,2022-09,双子座
252,水星,True,False,虽然现在不是签署任何文件或出价买卖房屋或公寓的好时机，也不是购买家具、地毯、床垫或任何类型的电子产品（包括厨房电器）的好时机，但在水星逆行时，你还是可以做一些事情,2022-09,双子座
253,水星,True,False,如果你已经接近水星逆行了，千万不要把税务记录或珠宝交给搬家公司的人，自己带着这些东西,2022-09,双子座
254,水星,True,False,回到9月，水星将在你的第五宫开始逆行，该宫掌管着真爱、休闲、娱乐、儿童和创造力，所以你本月经历的延迟或方向变化很可能会在这些领域出现,2022-09,双子座
255,水星,True,False,水星将继续在天秤座逆行，但在9月23日将逆行回处女座，你代表家庭的宫位,2022-09,双子座
256,水星,True,False,你将有机会让家变得更舒适、更有格调，更棒的是，在新月出现时，守护处女座的水星还没有开始逆行，水星将与摩羯座的冥王星和双子座的火星形成完美相位，都是对你很有利的,2022-09,双子座
257,火星,True,False,这次火星将在你的星座停留到3月25日，因为火星将从2022年10月30日逆行到2023年1月12日，就在他停留在双子座中段的时间,2022-09,双子座
258,火星,True,False,如果这是你打算做的事情，你必须在10月30日火星逆行之前做这事儿，或者把这个想法推迟到3月17日之后（这个时间是基于很多原因的,2022-09,双子座
259,火星,True,True,火星直到3月16日才会完全调节好其轨道（这一天火星会回到25度37分，这是他10月30日逆行时的度数，即使他在1月12日就会恢复顺行，但他也要到3月16日才会完全恢复健康）,2022-09,双子座
260,水星,True,False,水星将于9月9日—10月2日逆行，如果可能最好等到水逆结束再签字,2022-09,双鱼座
261,水星,True,False,我觉得你会很喜欢9月份，但是也要清醒意识到水星会在9月9日至10月2日期间逆行,2022-09,双鱼座
262,火星,True,False,10月30日到明年1月12日火星逆行，所以9月初就发动新项目，尽快行动，因为你的主星水星9月10日到10月2日逆行,2022-09,处女座
263,水星,True,False,10月30日到明年1月12日火星逆行，所以9月初就发动新项目，尽快行动，因为你的主星水星9月10日到10月2日逆行,2022-09,处女座
264,火星,True,False,火星教会我们如何竞争获胜，当你拥有非常强大的火星时，事情会以特定的速度如愿发展，火星状态不好时，比如10月底他将开始十周半的逆行，似乎一切都更难实现了,2022-09,处女座
265,水星,True,False,如果你要签个新的事业合作者，10月初之前别签合同——9月10日到10月2日水星逆行,2022-09,处女座
266,水星,False,True,意味着你应该推迟购买车辆、智能手机、电脑，等10月2日水星顺行之后过几天再说,2022-09,处女座
267,火星,True,False,火星在双子座这么久是有原因的，10月30日到2023年1月12日火星逆行,2022-09,处女座
268,水星,False,True,但我还是要说，如果你有重要的新项目或计划重要的事业发起，还是10月再说，10月2日水星顺行之后，但不要晚于10月15日，10月10日更好,2022-09,处女座
269,水星,True,False,水星将从9月9日开始在天秤座逆行，但随着他的持续逆行，他将在9月23日潜入处女座,2022-09,天秤座
270,水星,True,False,原因是水星的老大哥火星也要在10月30日-1月12日逆行，最好要避开临近逆行开始和结束的日子,2022-09,天秤座
271,火星,True,False,原因是水星的老大哥火星也要在10月30日-1月12日逆行，最好要避开临近逆行开始和结束的日子,2022-09,天秤座
272,火星,True,False,通常情况下火星在一个星座内停留的时间是6到7周，火星之所以能够在双子座中停留这么久是因为它会在10月30日到1月12日之间逆行,2022-09,天蝎座
273,火星,True,False,由于火星是你的守护星，你将会发现当火星逆行的时候，你的生活的方方面面都会慢下脚步,2022-09,天蝎座
274,水星,True,False,在距离地球最近的三颗行星——水星、火星和金星中，我们对逆行的感觉最为强烈,2022-09,天蝎座
275,金星,True,False,在距离地球最近的三颗行星——水星、火星和金星中，我们对逆行的感觉最为强烈,2022-09,天蝎座
276,水星,True,False,水星在10月 2日停止逆行，而水星的兄弟火星在10月30日开始逆行,2022-09,天蝎座
277,火星,True,False,在火星逆行的中途，它有时会加速，在11月中旬只需要四天左右就可以走一度，但这仍然是它过去正常速度的一倍,2022-09,天蝎座
278,木星,True,False,你确实会迎来一些令人期待的事情——木星，礼物和好运的给予者，自 7月28日以来一直在逆行，同时会在10月27日回到对你来说简直是神圣的星座——双鱼座,2022-09,天蝎座
279,金星,True,False,与此同时，金星几乎整个月（9月5日至9月29日）都在代表你的欢乐、朋友和乐趣的宫位逆行，并且从9月23日（水星回到处女座的日期）开始，水星会在同一个宫位逆行,2022-09,天蝎座
280,水星,True,False,与此同时，金星几乎整个月（9月5日至9月29日）都在代表你的欢乐、朋友和乐趣的宫位逆行，并且从9月23日（水星回到处女座的日期）开始，水星会在同一个宫位逆行,2022-09,天蝎座
281,水星,True,False,记住水星会在9月9日至10月2日之间逆行，水星掌管着你的第十宫成就宫,2022-09,射手座
282,水星,True,False,要记住水星会在9月2日至10月2日之间逆行，从天秤座开始，然后在9月23日的时候逆行回处女座,2022-09,射手座
283,水星,True,False,在水星逆行期间接受的来自新人的工作的时，工作的一些方面将会随着时间的推移而发生一些明显的变化，看起来就变得没有那么诱人了,2022-09,射手座
284,水星,True,False,水星的大哥火星也将会逆行，逆行的时间就要长的多了，从10月30日开始到1月12日,2022-09,射手座
285,火星,True,False,水星的大哥火星也将会逆行，逆行的时间就要长的多了，从10月30日开始到1月12日,2022-09,射手座
286,火星,False,True,我觉得这是因为他们2022年的预算不够了——通货膨胀迅速的就吃光了这些预算——所以客户不得不等到明年1月中旬拿到新的预算才能继续推进，时间节点刚好和火星在1月12日恢复顺行一致,2022-09,射手座
287,火星,True,True,正因为此，如果你有什么重要的事需要启动的话，我希望你能够在10月的上半个月就赶紧做，刚好赶在火星逆行之前（10月30日）以及火星的小弟水星恢复顺行之后（10月2日）,2022-09,射手座
288,火星,True,False,这次火星会在双子座停留这么久是因为他将会在7个月的旅程中有10周半的时间都在逆行，从10月30日至1月12日,2022-09,射手座
289,水星,True,False,本月并非启动创业事宜的好时机，因为水星在9月9日-10月2日期间逆行,2022-09,巨蟹座
290,水星,True,False,本月重要星象是9月9日-10月2日的水星逆行，如果你前几周已经在进行项目上的沟通，在客户决定将其投入市场之前，如果要做必要的更改，就不得不重新调整,2022-09,巨蟹座
291,水星,True,False,水星逆行期间，如果一定要旅行外出，务必提前把酒店和行程都订好了，并把证件的复印件留给家人，以备不时之需,2022-09,巨蟹座
292,火星,True,False,火星极少在某一个星座内停留这么长时间，通常之后6周左右，但火星将于10月30日-2023年1月12日逆行，这也就解释了它为何会在双子7个月之久,2022-09,巨蟹座
293,水星,True,False,虽然水星仍在逆行，也不必被水逆的小打小闹刺激到，这是一个非常完美的9月，享受9月赐给你的一切吧,2022-09,巨蟹座
294,水星,True,False,9月9日至10月2日水星将会逆行，这不是签署文件的好时机，因为如果你想延续这段关系，那么无论你眼下同意了什么，事后都会需要重新谈判,2022-09,摩羯座
295,水星,True,False,如果你需要安装新的软件，那就在9月初安装吧，尽可能早的远离9月9日水星逆行之前,2022-09,摩羯座
296,水星,True,False,如前文所述，在水星逆行之际上述这些事也都可以干，但得考虑把票据都放在同一个地方——这样如果你要退换货的话就很容易操作了,2022-09,摩羯座
297,水星,True,False,如果你担心不签署租约就会失去住所，或现在不接受offer就会丢工作的话，那你就必须行动了——你并没有许多选择——但在水星逆行期间采取行动通常会指向短期的解决方案,2022-09,摩羯座
298,火星,True,False,即，你的写作、演讲、解释、说服、澄清、传播、协商和销售能力将成为能帮助你前进的技能，即便火星和水星在逆行也一样,2022-09,摩羯座
299,火星,True,False,从上个月的8月20日至2023年3月25日期间，火星都将在双子座内逗留，并于10月30日至2023年1月12日逆行,2022-09,摩羯座
300,火星,False,True,当10月2日火星那聪明的小兄弟水星恢复顺行之后，你将有个美妙但很小的时间之窗可以果断推进事项,2022-09,摩羯座
301,火星,True,False,（广告略，大意是她在8月也写了火星逆行的情况，可以去回看上个月的预测）,2022-09,摩羯座
302,金星,True,False,从9月4日至9月29日，金星将持续逗留在处女座内——这对你是享受爱情的好位置，即便水星将会逆行，你依然能购买新一季的新装——只需确认你把票据都保存好了，以防万一你需要退换货的话,2022-09,摩羯座
303,水星,True,False,水星马上就要开始逆行，从9月9日一直持续到10月2日，这期间会出现混乱不清的数据及错误信息，让你做出错误决定,2022-09,水瓶座
304,水星,True,False,水星即将进入逆行状态，这次“水逆”将从9月9日持续到10月2日,2022-09,水瓶座
305,火星,True,False,也许你会好奇为什么火星会在此地停留如此之久，因为这其中还包含了它在双子座逆行的时间,2022-09,水瓶座
306,火星,True,False,从2022年8月20日起，火星将在双子座一直停留到2023年的3月25日才离开，其中10月30日至明年的1月12日这段时间属于它的逆行期,2022-09,水瓶座
307,火星,True,False,火星上一次完全在双子座逆行还是出现在1943年的10月28日至1944年的1月10日期间，如你所见，这是个非常罕见的星相,2022-09,水瓶座
308,火星,True,False,火星每隔两年逆行一次，每次都在不同的星座，所以我们已经习惯了它在背后默默帮我们下定决心，增强自信与勇气,2022-09,水瓶座
309,火星,True,False,我觉得火星逆行会再次给物流供应链带来更多麻烦，将很多问题推到更加严重的程度,2022-09,水瓶座
310,火星,True,False,虽然那是一个星期天，虽然所有的满月影响都会持续5天左右的时间，但是，因为届时的火星马上就要逆行，且已经开始进入停滞期，所以留给你的行动时间并不多,2022-09,水瓶座
311,火星,True,True,当火星处于顺行而非逆行状态时，每走过一度距离只需花费2天的时间,2022-09,水瓶座
312,水星,True,False,水星仍将逆行（但在10月2日结束），所以你可能想回到一直喜欢但很久都没去的地方,2022-09,狮子座
313,水星,True,False,水星将在9月9日至10月2日逆行，但你已经习惯了，并且有一些方法可以绕过水星的古怪行为,2022-09,狮子座
314,水星,True,False,水星将开始在天秤座逆行，这是你的第三宫，这里掌管协议签署和短途旅行,2022-09,狮子座
315,水星,True,False,9月23日，仍然逆行的水星将滑回处女座，你的财务宫，所以预期的支票可能会迟到,2022-09,狮子座
316,海王星,True,False,如果你没有参与艺术或娱乐项目（海王星统治的领域），那么一定要让律师参与调查所有正在讨论的事情，因为海王星的存在可能会影响条款，水星逆行时，你可能会完全忽略伤害你的条款,2022-09,狮子座
317,火星,True,False,火星将在下个月晚些时候逆行，从10月30日到1月12日，在这段时间内生活将减速,2022-09,狮子座
318,水星,True,False,当任何行星逆行时（如水星将在本月从9月9日至10月2日逆行，火星将在2023年10月30日至1月12日逆行），这给了我们机会来纠正一直悬而未决的情况,2022-09,狮子座
319,水星,True,False,本月，水星将在9月9日至10月2日期间逆行，你需要密切关注每项任务,2022-09,白羊座
320,水星,True,False,尽管聪明的小水星将在9月9日至10月2日逆行，但你会喜欢9月的,2022-09,白羊座
321,水星,True,False,在水星逆行之前，确保电脑已备份，如果需要安装软件，请在水星逆行（9月9日）之前快速安装好,2022-09,白羊座
322,水星,True,False,具有讽刺意味的是，这个新月将在许多方面保护你，因为它发生在处女座——本次水星逆行的后半段也发生在这里,2022-09,白羊座
323,木星,True,True,木星目前有点沉默，因为他处于逆行状态，到11月23日恢复顺行之后，你会看到进展加快,2022-09,白羊座
324,水星,True,False,是的，水星逆行有时有点令人恼火，但好的一面似乎远远超过了恼人的部分,2022-09,白羊座
325,水星,True,False,这是幸福的一个月，因此，虽然水星会在9月9日-10月2日逆行，但不要因此削弱高涨的情绪，你还要为接下来发生的事兴奋,2022-09,金牛座
326,水星,True,False,我迫不及待地和你分享，新月和满月会在接下来几周发生的所有事里发挥重大影响，但首先，我也要承认，水星会在9月9日到10月2日逆行,2022-09,金牛座
327,水星,True,False,我们先讨论水星逆行，然后我会告诉你，随着时间的推移，9月会为你展开的所有美好,2022-09,金牛座
328,水星,True,False,9月23日，水星仍处于逆行状态，这时他会逆行回到处女座，这个星座对你非常友好,2022-09,金牛座
329,水星,True,False,10月30日，水星的老大哥火星会进入逆行，届时，整个供需产业链条会更大程度地对你产生持续影响,2022-09,金牛座
330,水星,True,False,这个月，水星（从9月23日开始）在你的爱情宫逆行，所以，另一种可能是，一个旧情人会出现——这个人让你牵挂了很多年,2022-09,金牛座
331,水星,True,False,水星逆行期间，你可以为下个季度添置衣物——我觉得这个月你会找到很精致的衣服,2022-09,金牛座
332,火星,True,False,火星将在10月30日正式开始逆行，一直到2023年1月12日才会出相位，但你早在10月15日就会感受到火星带来的减速,2022-10,双子座
333,火星,True,False,"你不希望这个火星逆行的相位 ""烤""着了你新启动的项目或者关系上",2022-10,双子座
334,火星,True,False,火星将在10月30日开始逆行，所以客户可能会在未来几周内花很长时间才能下定决心,2022-10,双子座
335,水星,False,True,你会注意到，10月的生活节奏会更快，因为你的守护行星水星将于10月2日在处女座转为顺行，并帮助你代表家庭和家人这个同样的领域更富有成效地向前发展,2022-10,双子座
336,水星,True,False,原因是，水星的大哥火星将在本月10月30日开始逆行，直到2023年1月12日,2022-10,双子座
337,火星,True,False,火星将在这段轨道的中段逆行，从10月30日到1月12日，由于火星将一直留在双子座，你也会在头条上呆上几个月,2022-10,双子座
338,水星,True,False,虽然确实所有的行星都会逆行，但我们感受最深的是在离地球最近的轨道上运行的行星：水星、金星和火星,2022-10,双子座
339,火星,True,False,"任何在火星逆行时开始的事件，都会在迈向成功的过程中发生些问题——你不想把火星""烤""到它逆行进你的启动仪式",2022-10,双子座
340,火星,True,False,火星在双子座停留这么久是因为，他将从2022年10月30日至2023年1月12日逆行,2022-10,双鱼座
341,水星,True,False,更头疼的是，水星也将在2022年12月29日到2023年1月18日逆行,2022-10,双鱼座
342,火星,True,False,不妨把工作都尽可能赶在10月初做，火星会给你带来所有关于事业的关注，而他会从10月30日开始逆行，到1月12日结束逆行,2022-10,处女座
343,水星,True,False,在水星的老大哥火星逆行之前，从10月1日到10月15日，这个月的前半是美好的（之后，你会受火星逆行的影响，这时候每个项目都需要更多的时间和金钱）,2022-10,处女座
344,火星,True,False,在水星的老大哥火星逆行之前，从10月1日到10月15日，这个月的前半是美好的（之后，你会受火星逆行的影响，这时候每个项目都需要更多的时间和金钱）,2022-10,处女座
345,水星,True,False,然而，水星的“大哥”——火星也将在10月30日至2023年1月2日期间逆行，每个星座的人都会有种“减速”的感觉,2022-10,处女座
346,水星,True,False,另外的附加奖励是水星在10月2日走出逆行期了，所以你会看到比九月更快的进展,2022-10,天秤座
347,火星,True,False,行动之星火星将在本月晚些时候逆行，从10月30日一直到2023年1月12日，所以相应地，你在推进和准备的时候应该考虑到可能会遇到的所有偶发事件,2022-10,天秤座
348,火星,True,False,教会我们勇敢、坚定、获胜的火星将在10月30日逆行，但你会从10月15日就感觉到节奏慢下来，或者是事业上的放缓,2022-10,天秤座
349,火星,True,False,在火星逆行期间，你会发现客户做决策和同意提案的时间拉长了，而且供应链的延误会越来越成问题,2022-10,天秤座
350,水星,True,False,还有一点需要考虑，水星的好兄弟火星很快将逆行，所以你要在10月初尽量把更多重要的事情落实,2022-10,天蝎座
351,火星,True,False,还有一点需要考虑，水星的好兄弟火星很快将逆行，所以你要在10月初尽量把更多重要的事情落实,2022-10,天蝎座
352,木星,True,False,现在木星正在逆行，这是个好事，因为这是木星回归你的真爱宫双鱼座的唯一方式,2022-10,天蝎座
353,水星,True,True,10月2日水星恢复顺行之后，尽量在10月前两周把重要的事情完结，因为你的守护星之一火星将进入逆行,2022-10,天蝎座
354,火星,True,True,10月2日水星恢复顺行之后，尽量在10月前两周把重要的事情完结，因为你的守护星之一火星将进入逆行,2022-10,天蝎座
355,水星,True,True,水星在9月份的大部分时间里都在逆行，并且会在10月2日的时候恢复顺行,2022-10,射手座
356,水星,True,False,虽然所有的星星都会逆行，但是我们感受最强烈的几颗星星分别是水星，金星，以及火星,2022-10,射手座
357,金星,True,False,虽然所有的星星都会逆行，但是我们感受最强烈的几颗星星分别是水星，金星，以及火星,2022-10,射手座
358,火星,True,False,火星教会我们如何去竞争和取胜，但是当火星逆行的时候，生活的节奏将会放缓，几乎所有的项目都会感觉到费力,2022-10,射手座
359,水星,True,True,水星会在10月2日的时候恢复顺行，它从9月9日开始逆行（你从8月底就开始感受到迟缓了），所以这是一种解脱,2022-10,射手座
360,火星,True,False,火星从10月15日开始就会放慢速度准备开始逆行，然后从10月30日至1月12日之间逆行,2022-10,射手座
361,火星,True,False,随着他即将开始在10月15日准备逆行（正式逆行在10月30日），火星的速度会逐渐放慢，一直慢到他18天才会走一度,2022-10,射手座
362,火星,True,False,火星将于10月30日逆行，最快将在本月中旬开始放慢到蜗牛般的速度,2022-10,巨蟹座
363,水星,True,True,巨蟹将注意到10月有不一样的星象——水星，9月大部分时间它都在逆行，造成延误和混乱，现在终于在10月2日恢复顺行了,2022-10,巨蟹座
364,火星,True,False,火星将从2022年10月30日逆行到2023年1月12日，这时客户可能表现得优柔寡断,2022-10,巨蟹座
365,土星,True,True,自从6月4日以来土星一直在逆行，但它将于10月22日恢复顺行，由于土星是你的守护星，且正位于你的薪水宫内，因此你会看到在提升收入方面有了坚实的进展,2022-10,摩羯座
366,水星,True,False,上个月，水星的部分逆行时间在你的事业宫内度过，因此你的进展将会放慢,2022-10,摩羯座
367,火星,True,False,之所以火星会在你的日常工作宫内度过如此多的时光是因为从本月10月30日至2023年1月12日火星将要逆行,2022-10,摩羯座
368,火星,True,False,我们习惯了火星的帮助，因为他很少不在状态——火星每隔两年才会逆行一次,2022-10,摩羯座
369,金星,True,False,而2023年7月23日至9月3日当金星逆行时，金星会收敛她那爱的能力,2022-10,摩羯座
370,火星,True,False,现在，我们只需要应付火星，但如你所见，在2023年1月的第一周，火星和水星都将逆行，但到了1月18日事态就将再度恢复正常,2022-10,摩羯座
371,火星,True,False,让我们把注意力重新放到火星上，它会在水瓶座的第五宫（真爱宫）停留很长一段时间（7个月），因为10月30日至明年1月12日期间会处于逆行状态,2022-10,水瓶座
372,火星,True,False,尽管火星自10月30日才正式开始逆行，但跟绝大多数行星逆行一样，我们会提前感受到一切开始变缓,2022-10,水瓶座
373,火星,True,False,通常来说，火星需要花两天时间移动1度位置，但自从10月15日开始，火星的行运速度会越来越慢，等到它真正进入逆行状态后，同样的度数需要18天的时间,2022-10,水瓶座
374,火星,True,False,由于火星掌管着“性”，如果在逆行期间开始这段关系，意味着未来你们会对彼此的身体失去兴趣,2022-10,水瓶座
375,金星,True,False,金星将于明年年中开始逆行（2023年7月22日-9月4日），届时也不适合对任何关系做出承诺,2022-10,水瓶座
376,水星,True,True,十月还有其他值得开心的理由——水星上个月的逆行导致了延迟、误会、困惑、需要维修的情况以及其他各种挫折，但是这个月2号水星已经恢复顺行啦,2022-10,狮子座
377,水星,True,True,水星在9月的大部分时间都在逆行，但一旦到10月2日，水星会恢复顺行，你们会感觉到身后一股推动力,2022-10,白羊座
378,火星,True,False,原因就是因为我们的主宰星火星将会从10月30日至1月12日开始进行逆行,2022-10,白羊座
379,火星,True,False,当火星状态好的时候，通常需要两天左右的时间移动一度，而到了本月中旬的时候，他已经开始准备逆行，也就是说在10月15日开始它的移动速度就会变得慢起来，那时他行走一度的时间将会是18天,2022-10,白羊座
380,火星,True,False,每个人都会感受到火星的逆行，从10月30日到1月2日之间，感觉举步维艰,2022-10,白羊座
381,火星,True,True,此外，天蝎座的另一个守护星火星会从10月30日开始逆行，直到1月12日恢复顺行，所以可能会出现一些时间推迟的情况,2022-10,金牛座
382,水星,True,True,10月2日水星恢复顺行（水星在9月9日开始逆行）——你会发现自己的精力更加饱满，也会发现各类任务和事项的进展会比9月更快,2022-10,金牛座
383,火星,True,False,火星刚刚逆行，所以如果你正在处理一件让你有压力的事情，你会需要更多时间来解决,2022-11,双子座
384,火星,True,False,火星仍然在双子座逆行，可以先聚在一起商谈，等到1月底再实施计划,2022-11,双子座
385,木星,True,False,木星是近乎奇迹的行星，带来恩赐与幸运，自从5月份开始就进入白羊座，7月28日开始逆行,2022-11,双鱼座
386,木星,False,True,11月23日，木星将在双鱼座恢复顺行，重拾能量，从这一天开始到12月20日（木星回归白羊座的日子），你又一次进入了幸运状态，比其他所有的年份都更绚丽,2022-11,双鱼座
387,火星,True,False,能量之星火星在今年8月20日进入你星盘显赫的事业宫，那之后，你一直在赢取漂亮的胜利，10月30日火星开始逆行，将持续逆行到2023年1月12日,2022-11,处女座
388,木星,True,False,11月23日还有个理由很重要，今年7月28日，木星开始逆行，一直在逆行的较弱状态，并逆行离开白羊座，你星盘第八宫财务宫,2022-11,处女座
389,火星,True,False,10月30日开始，确实火星是在逆行，你可能面对一些延迟，发现需要返工、修改策略,2022-11,处女座
390,木星,True,True,当你进入十一月的时候木星将会开始逆行，这个趋势从7月28日就开始了，但将在11月23日恢复顺行，届时将会是他能量最强的时候,2022-11,天秤座
391,木星,False,True,新月（非月食）发生在11月23日，同一天，掌管礼物与好运的木星将在他守护的射手座恢复顺行,2022-11,天秤座
392,火星,True,True,火星现在继续在逆行，并且会在1月中旬恢复顺行，因此我的建议是等到那时在宣布你的项目,2022-11,天秤座
393,木星,True,True,11月23日的重要性还体现在，木星自7月28日逆行后，在这一天恢复顺行,2022-11,天蝎座
394,木星,True,False,不要认为所有的逆行都是不好的，木星的逆行对你来说是意外收获，因为它退回双鱼座（你的第五宫真爱宫），带来了特别美好的假期时光,2022-11,天蝎座
395,火星,True,False,10月30日到2023年1月12日火星逆行，所以如果现在你感觉事件很难推进，进入新的一年就会好一些,2022-11,天蝎座
396,水星,True,False,水星最近都不会逆行，下一次逆行是在12月29日至1月18日，水星掌管着合同以及口头约定,2022-11,射手座
397,木星,True,True,木星从7月28日就开始逆行了，现在要恢复顺行了，就在新月发生的那一天，11月23日,2022-11,射手座
398,火星,True,False,10月30日-2023年1月12日，火星在双子座内逆行，过去的某些事现在可能会重新回到视线中,2022-11,巨蟹座
399,水星,True,False,同时，水星将在2022年12月29日再次逆行，直到2023年1月18日,2022-11,巨蟹座
400,木星,False,True,11月23日，木星，仍然在双鱼座，将恢复顺行，全速前行，持续在双鱼座直到12月20日,2022-11,巨蟹座
401,木星,True,True,最棒的是，木星自从7月28日以来一直在逆行，但它将于11月23日恢复顺行,2022-11,摩羯座
402,火星,True,False,自从8月20日以来火星就进入了双子座且现在依然在那儿，它在10月30日开始逆行,2022-11,摩羯座
403,火星,True,False,自10月30日起，火星会开始逆行，并持续到2023年1月12日才结束,2022-11,水瓶座
404,火星,True,False,而火星逆行期间，你需要花费比往常更多的时间和金钱去完成项目，但等到23年1月底，这种情况就会有所好转,2022-11,水瓶座
405,火星,True,False,虽然火星在逆行，但你还是可以购买电子产品、签署合同，并执行你打算在本月推进的计划，因为水星并未逆行,2022-11,水瓶座
406,水星,True,False,虽然火星在逆行，但你还是可以购买电子产品、签署合同，并执行你打算在本月推进的计划，因为水星并未逆行,2022-11,水瓶座
407,火星,True,False,要知道从10月30日开始火星进入逆行，你们可能会发现进展变得非常的缓慢，但是要知道你们不是一个人，对于每一个人来说都开始注意到客户进展晚于预期，不如从前,2022-11,白羊座
408,木星,True,True,最后一点：木星将在11月23日（新月当天）转为顺行，此前木星从7月28日以来一直都在逆行,2022-11,白羊座
409,木星,True,True,木星是礼物和运气的给予者，7月28日，木星开始逆行，但他会在11月23日恢复顺行，恢复原本的力量,2022-11,金牛座
410,木星,True,True,起初木星逆行时很势弱，但他在11月23日转为了顺行，现在正停在你的第十宫，掌管着荣誉、奖项和成就，一直呆到12月20日,2022-12,双子座
411,海王星,False,True,海王星将在12月3日满月之前转为顺行，一旦转为顺行，它可能会帮助你获得你需要的信息,2022-12,双子座
412,木星,True,True,木星以逆行的状态进入到双鱼座，也是你代表荣耀、奖赏和成就的第十宫，它会在11月23日转为顺行,2022-12,双子座
413,水星,True,False,水星将在12月29日开始逆行，一直到1月18日，所以要在12月29日之前提前收尾合同协议,2022-12,双子座
414,火星,False,True,一旦你到了1月18日，世界将被唤醒，因为火星和水星都将顺行前行,2022-12,双子座
415,木星,True,False,但木星觉得双鱼座值得再回访一下，因此在其逆行期间，10月27日，木星回到双鱼座，直到现在，这是木星给你的最后机会,2022-12,双鱼座
416,火星,True,False,1月12日，火星结束逆行，而一直持续的供应链紧张问题，也会在新年得到缓解,2022-12,双鱼座
417,火星,True,False,这主要是由于火星行运于双子座所致，由于战神逆行，增加了滞留此地时间，所以该星座对应的领域将继续令你关注,2022-12,双鱼座
418,火星,True,False,如果你觉得，这段时间不得不做很多回顾、修正路线的事，那是因为火星10月30日开始逆行，但这些延误也快结束了,2022-12,处女座
419,火星,False,True,火星将于2023年1月12日顺行，之后直到2023年3月25日，你的努力将得到很多可以展示的成果,2022-12,处女座
420,火星,True,True,火星的小弟水星会复制大哥的一切，所以当然，水星又要逆行了——12月29日开始，2023年1月18日顺行,2022-12,处女座
421,水星,True,True,火星的小弟水星会复制大哥的一切，所以当然，水星又要逆行了——12月29日开始，2023年1月18日顺行,2022-12,处女座
422,木星,True,True,7月28日以来，木星在白羊座逆行，10月27日逆行退回双鱼座，11月23日在双鱼座顺行，意味着你是最有可能在12月订婚或结婚的星座,2022-12,处女座
423,水星,True,False,跨年夜时，月亮位于土象星座金牛座，虽然水星在逆行，仍然可以计划些特别的事情，哪怕只是在装饰美丽的餐厅吃个私密的二人晚餐,2022-12,处女座
424,木星,True,True,木星和海王星都在逆行，但木星在上个月11月23日已经恢复顺行了，而海王星将在本月12月3日恢复顺行,2022-12,天秤座
425,火星,True,False,说到逆行的行星，火星从10月30日起就开始逆行了，而且这个月仍然在逆行,2022-12,天秤座
426,水星,True,False,当然，小水星会发现他的老大哥在逆行期间打盹儿，所以水星也会去逆行，从12月29日到1月18日,2022-12,天秤座
427,火星,False,True,正如之前所说，火星将在1月12日恢复顺行，当这两颗行星都恢复正常后，你不再需要像最近几周一样做这么多的回溯工作,2022-12,天秤座
428,木星,True,False,然而，木星在7月28日开始逆行，然后一直在逐渐再次靠近海王星——这是个好消息,2022-12,天秤座
429,火星,True,False,你的专注即是你的价值所在，尽管火星逆行让这段时间无比漫长，但很快会过去的,2022-12,天蝎座
430,水星,True,False,如果是这样，努力在12月初就完成，因为12月29日水星将逆行，但是你可能会在两周之前就感受到影响力,2022-12,天蝎座
431,木星,True,True,10月27日木星逆行回了双鱼座，11月23日他恢复顺行凝聚能量,2022-12,天蝎座
432,火星,True,True,火星在你的伴侣宫停留这么久的原因是因为他在10月30日的时候逆行了，要等到1月12日的时候才会最终恢复顺行,2022-12,射手座
433,水星,True,False,只要注意跟水星逆行的时间保持距离就好了，水逆会在12月29日的时候开始（后面会细说）,2022-12,射手座
434,木星,True,False,木星在7月28日时候在白羊座开始了逆行，这里掌管着你的真爱，也是木星从2022年5月10日开始就一直停留的地方,2022-12,射手座
435,水星,True,False,水星会在12月29日至1月18日逆行，你会在逆行开始的前两周就感受到水星的减速,2022-12,射手座
436,木星,True,False,你可能正在购置或者租赁房产，因为代表着好运的木星在10月30日来到了你的家庭宫，但是因为逆行，所以他还没有完全的展示出自己的强大，要等到11月23日逆行才会结束,2022-12,射手座
437,木星,True,False,5月10日-10月27日，木星在巨蟹座的第十宫，这是代表荣誉、奖励和成就的宫位，然后，木星从白羊座短暂逆行回双鱼座，双鱼与巨蟹也是完美和谐的搭档,2022-12,巨蟹座
438,火星,True,False,火星的小老弟儿水星也将在12月底开始今年最后一次逆行（12月29-2023年1月18日），所以，你的圣诞购物最好在12月15日之前就搞定，因为水逆正式开始前2周就将进入停滞期,2022-12,巨蟹座
439,水星,True,False,12月29日，水星将会在摩羯座与金星相合，同时开始逆行，直到1月18日，但是没有什么可以抑制你的幸福,2022-12,摩羯座
440,水星,True,False,因为水星将于12月29日至1月18日逆行，但你会提前两周就感受到节奏放慢,2022-12,摩羯座
441,火星,True,False,”如果你还单身，恰好也是这种状态，那可能是因为火星自10月30日开始就进入了逆行状态,2022-12,水瓶座
442,木星,True,False,但是，从7月28日开始，木星就进入了逆行状态，它可能意识到自己给你的钱还不够，在你的财帛宫停留的时间也过短了,2022-12,水瓶座
443,木星,True,False,自从10月27日开始，木星就停留在你的财帛宫，但是我之前说过，它正在逆行，会比平时“虚弱 ”,2022-12,水瓶座
444,火星,True,False,如果你觉得最近生意不太好，这可能是因为火星一直在逆行，处于缓慢的状态,2022-12,狮子座
445,木星,True,True,木星自7月28日开始逆行，但在11月23日恢复了顺行，进一步证明了涉及到金钱时，你会受到青睐,2022-12,狮子座
446,水星,True,False,水星将于12月29日开始逆行，但你会在两周前感觉到，尽快完成假日购物吧,2022-12,狮子座
447,木星,True,False,10月27日，7月28日木星逆行回双鱼座， 1月到5月中旬，木星曾经停过这里,2022-12,狮子座
448,火星,True,True,尽管火星和水星（从12月29日开始）将逆行，但由于火星在1月12日恢复顺行，水星在1月18日紧随其后，所以到1月中旬，节奏将明显加快,2022-12,狮子座
449,水星,False,True,三宫正好也是满月发生的宫位，掌管着合同以及重要的文件，因此白羊座可能会有相关的文件需要签署，现在你们可以做这件事情，因为直到12月29日之前，水星都处在顺行的状态,2022-12,白羊座
450,水星,True,False,如果想庆祝圣诞节，那就去做吧，因为正如我所指出的，水星将在12月29日逆行，你会想要离水逆远一点,2022-12,白羊座
451,水星,True,False,因为水星逆行的关系，一切的节奏会变慢，不妨和家人朋友在家安安静静迎接新年的到来,2022-12,白羊座
452,火星,True,False,一来，是你们的主宰星火星仍然逆行在代表交流和运输的三宫，与此同时，它的好兄弟水星也会在12月29日至1月18日期间逆行，而你们也将在正式水逆前两周就感觉到节奏的放慢,2022-12,白羊座
453,水星,True,False,一来，是你们的主宰星火星仍然逆行在代表交流和运输的三宫，与此同时，它的好兄弟水星也会在12月29日至1月18日期间逆行，而你们也将在正式水逆前两周就感觉到节奏的放慢,2022-12,白羊座
454,木星,True,False,10月27日，礼物和好运的赐予者木星逆行回到双鱼座，对应你星盘的第十一宫，代表快乐、幸福、希冀和友谊,2022-12,金牛座
455,火星,True,False,不过，现在火星正在逆行，所以很难让管理层批准想法，也很难让客户签采购单,2022-12,金牛座
456,水星,True,False,如果你真的在圣诞假期旅游了，那么你要记得，12月29日水星开始逆行，1月16日逆行结束,2022-12,金牛座
457,火星,True,False,"自10月30日以来，火星一直在双子座逆行，阻碍了你的进展，如果你是单身，建立感情关系这事儿上可能已经感觉 ""不对劲""",2023-01,双子座
458,水星,True,False,水星将在12月29日到1月18日逆行，所以在1月18日之前，一个曾经的爱人可能想和你重新开始一段关系,2023-01,双子座
459,火星,True,True,现在有一个区别是，因为火星自10月30日以来一直都在逆行（这就是火星在你的星座停留这么长时间的原因），但在1月12日，火星将在双子座转为顺行,2023-01,双子座
460,火星,False,True,这一点现在会改变，因为你一直在一个非常缓慢的轨道上与火星打交道——当火星在1月12日转为顺行时，这一点将会改变,2023-01,双子座
461,金星,True,False,离地球轨道最近的行星在逆行时对我们的影响也最大——也就是金星、火星和水星,2023-01,双子座
462,火星,True,False,离地球轨道最近的行星在逆行时对我们的影响也最大——也就是金星、火星和水星,2023-01,双子座
463,水星,True,False,离地球轨道最近的行星在逆行时对我们的影响也最大——也就是金星、火星和水星,2023-01,双子座
464,水星,True,False,水星将逆行至1月18日，所以如果你可以的话，我希望你在该日期后寄出你的申请，但仅限于大学的截止日期在1月底或2月的情况,2023-01,双子座
465,水星,False,True,水星现在将要顺行，所以这可能是一场完美的旅行，或近或远，可能（特别是如果你住在北方）去一个温暖的地方，那里的棕榈树摇曳，水是深蓝的绿松石样子,2023-01,双子座
466,火星,True,True,火星从2022年10月30日开始逆行，直至2023年1月12日开始顺行,2023-01,双鱼座
467,火星,True,True,火星的小兄弟水星善于模仿，所以水星也开始逆行，从2022年12月29日开始，于2023年1月18日恢复顺行,2023-01,双鱼座
468,水星,True,True,火星的小兄弟水星善于模仿，所以水星也开始逆行，从2022年12月29日开始，于2023年1月18日恢复顺行,2023-01,双鱼座
469,天王星,True,False,而助力此次美妙新月地会是天王星，天王星也恰好是水瓶座守护星，因此象征着满满的创新和原创能力，天王星自8月24日起开始逆行，1月22日转顺，就在新月后第二天,2023-01,双鱼座
470,火星,True,False,而2022年10月30日以来，火星一直逆行，意味着火星开始令进展减速，无论你多么用力地保持进度，仍然不得不修改并延长交工日期，也许是因为别人无法做出及时的决定，或无法完成他们那端的工作,2023-01,处女座
471,火星,True,False,但2022年10月末到12月，你可能遇到障碍，随着你进入1月，仍然在调整项目的特定元素，因为火星从2022年10月30日开始逆行,2023-01,处女座
472,水星,True,True,当小水星看到大哥火星躺平休息，他也决定躺平，2022年12月29日水星开始逆行，2023年1月18日顺行,2023-01,处女座
473,火星,True,True,事情将会远远得到改善，因为引起你关注这些领域的火星将在1月12日从逆行轨道中恢复顺行,2023-01,天秤座
474,水星,True,False,这是对你来说进程看似缓慢的另一个原因——水星从12月29日就一直在逆行（你在两周之前就感受到了节奏放缓）,2023-01,天秤座
475,天王星,True,True,天王星是你爱情宫的守护星，它从8月24日开始也一直在逆行，但会在1月22日恢复顺行，将在2月的几周里开启大量像宝石一样的浪漫约会,2023-01,天秤座
476,火星,True,True,然而，火星在此期间的部分时间一直在逆行———从10月30日起，但火星将于1月12日恢复顺行,2023-01,天秤座
477,火星,True,False,他仰望着火星，所以当水星发现火星在舒适的沙发上睡着时，他就决定在12月29日开始去逆行，打个盹儿,2023-01,天秤座
478,冥王星,True,True,冥王星从去年4月底开始了逆行并且在10月8日的时候恢复了顺行，代表着能量的火星是你的另一颗守护星，他从10月30日开始逆行并且会在1月12日的时候恢复顺行,2023-01,天蝎座
479,火星,True,True,冥王星从去年4月底开始了逆行并且在10月8日的时候恢复了顺行，代表着能量的火星是你的另一颗守护星，他从10月30日开始逆行并且会在1月12日的时候恢复顺行,2023-01,天蝎座
480,火星,True,False,你前阵子曾经对自己的进展有些沮丧，那是因为你的守护星之一火星从10月30日开始了逆行,2023-01,天蝎座
481,火星,True,True,火星的弟弟水星也在逆行，是从12月29日开始的，然后会在1月18日的时候恢复顺行,2023-01,天蝎座
482,水星,True,True,火星的弟弟水星也在逆行，是从12月29日开始的，然后会在1月18日的时候恢复顺行,2023-01,天蝎座
483,水星,True,False,随着这一年的开启，水星正在逆行，从去年12月29日开始会持续到1月18日,2023-01,射手座
484,木星,True,False,但是作为一个射手座，你也会感受到木星的逆行，因为木星是你的守护星,2023-01,射手座
485,火星,True,True,好消息是火星会在1月12日恢复顺行，他从去年10月30日的时候开始的逆行,2023-01,射手座
486,火星,False,True,如果手术可以选择时间，那就安排在本月晚些时候——在火星恢复顺行之后（1月12日），以及水星也恢复顺行之后（1月18日），讲真的，如果手术是必须的并且很急，那就做,2023-01,射手座
487,天王星,True,False,天王星在水瓶座内逆行，直至1月22日，这是巨蟹对未来几周甚至几个月的财务情况持乐观态度的又一个积极信号,2023-01,巨蟹座
488,火星,True,True,2022年10月30日，火星开始逆行之后巨蟹座的工作进度久受到了阻碍，但是当今年1月12日，火星恢复顺行后，一切就将顺利起来,2023-01,巨蟹座
489,火星,False,True,火星的小兄弟水星2022年12月29日也开始叛逆起来了，但它将于1月18日恢复顺行,2023-01,巨蟹座
490,水星,False,True,火星的小兄弟水星2022年12月29日也开始叛逆起来了，但它将于1月18日恢复顺行,2023-01,巨蟹座
491,金星,True,False,当行星靠近地球运行轨道时，我们就会感受到其逆行的效应，这些行星包括水星、金星和火星,2023-01,巨蟹座
492,火星,True,True,火星自从10月30日以来一直在逆行，并将于本月1月12日恢复顺行,2023-01,摩羯座
493,水星,True,True,掌管交流、仪器、电脑、旅行的水星从12月29日起逆行，并将于1月18日恢复顺行,2023-01,摩羯座
494,水星,True,True,水星从12月29日开始在摩羯座内逆行，并将于1月18日恢复顺行,2023-01,摩羯座
495,水星,True,True,水星的大兄弟火星自从10月30日以来已经逆行了很长一段时间，好在1月12日火星将恢复顺行了,2023-01,摩羯座
496,木星,True,False,木星首次进入白羊座是2022年5月10日，但就在10月30日火星逆行之前的三天，即10月27日火星离开了白羊座并回到双鱼座内,2023-01,摩羯座
497,水星,True,False,2022年12月29日至2023年1月18日期间，水星将一直处于逆行状态,2023-01,水瓶座
498,天王星,False,True,到了下半月，整体节奏就会开始变快，因为不仅水星要恢复顺行，你的主星天王星也将在1月22日恢复顺行，这同样非常重要,2023-01,水瓶座
499,火星,True,False,自火星开始逆行之后，你对恋人的感觉就变得有些犹豫不决，不知该不该继续这段关系,2023-01,水瓶座
500,火星,True,False,如果你觉得近期的情况变得不太顺利，可能是因为火星从2022年10月30日就开始了逆行，这种状态会一直持续到2023年1月12日才结束,2023-01,水瓶座
501,火星,False,True,因为（等恢复顺行之后）火星将继续在水瓶座的真爱宫停留到3月25日才离开,2023-01,水瓶座
502,水星,True,False,说到“逆行”，水星从2022年12月29日就开始了逆行，这种状态会一直持续到1月18日才结束,2023-01,水瓶座
503,天王星,True,True,亲爱的瓶子，自2022年8月24日，你的主星天王星就进入了逆行状态，并将于今年1月22日恢复顺行,2023-01,水瓶座
504,水星,True,True,水星自12月29日开始逆行，并将于1月18日恢复顺行，因此在新月之后留出几天的时间，让水星有时间调整状态,2023-01,狮子座
505,火星,True,False,代表行动的火星自10月30日以来一直逆行，让你感觉进展缓慢甚至根本不存在,2023-01,狮子座
506,水星,True,True,水星是一颗聪明的行星，看起来很像他的兄弟火星，也从12月29日开始逆行，直到1月18日才恢复顺行,2023-01,狮子座
507,水星,True,False,水星在12月29日开始逆行，并将持续到2023年的1月18日，因此这个月将会有一个悠闲、缓慢的新年开篇,2023-01,白羊座
508,火星,True,True,这个月的其他好消息是，1月12日，白羊的守护星火星自10月30日开始逆行后，最终将顺行,2023-01,白羊座
509,水星,True,True,—— 火星转到更给力的位置会加速进程，但仍然需要等等火星的小兄弟，水星从逆行中走出来，1月18日它将恢复顺行,2023-01,白羊座
510,水星,True,False,不过，这次新月的时间接近12月29日——也就是水星开始逆行的时候,2023-01,金牛座
511,水星,True,False,假期可能很有趣，但也会让人非常疲惫，因此，在水星逆行的影响下，你不用给自己增加太多压力,2023-01,金牛座
512,火星,True,False,水星的老大哥火星在你的财务宫运行，他会增加你的开支，而且，他一直处在逆行状态，因此如果你在寻找新的收入来源，那么可能已经遇到了阻碍,2023-01,金牛座
513,火星,True,False,到目前为止，考虑到你付出的巨大努力，你还没有看到足够的进展，这是因为火星自10月30日以来长期处于逆行状态,2023-02,双子座
514,火星,False,True,这种缺乏进展的情况现在将结束了，因为火星在1月12日转为顺行了,2023-02,双子座
515,水星,True,True,作为一位旁观者，你的守护星水星也从12月29日开始在逆行，但水星也在上个月1月18日恢复了顺行,2023-02,双子座
516,火星,True,True,这是因为火星自10月30日以来一直在逆行，但在1月12日终于顺行了,2023-02,双子座
517,火星,True,False,单单处理火星的逆行就已经很吃力了，但在12月29日，火星的小兄弟水星，你的守护行星，也开始逆行了，并在1月18日直行了,2023-02,双子座
518,火星,True,False,火星从2022年10月30日至2023年1月12日一直逆行，这段时间你可能不得不处理延迟、返工、重做和重新设计等问题,2023-02,双鱼座
519,火星,True,False,火星一直在逆行（之后细说），因此你可能感到自己在一部下行的电梯上向上爬，进展甚微,2023-02,双鱼座
520,火星,True,False,正常情况下，火星会在每个宫位停留6-7周，而非7个月，但是2022年这次，因为火星在双子座半途开始逆行，从2022年10月30日逆行倒2023年1月12日,2023-02,双鱼座
521,火星,True,False,火星的小老弟水星最近也逆行了，从2022年12月29日至2023年1月18日，因此1月初，各种事情堵车搬拥在一起，很难得见到什么进展,2023-02,双鱼座
522,火星,True,False,如果你觉得上个月很多事情都没进展，无论是工作还是个人生活，要怪就怪逆行的火星和水星吧,2023-02,双鱼座
523,火星,True,True,能量、行动、勇气之星火星曾在2022年10月30日进入逆行，2023年1月12日顺行，你的主星水星在2022年12月29日逆行，2023年1月18日顺行,2023-02,处女座
524,水星,True,True,能量、行动、勇气之星火星曾在2022年10月30日进入逆行，2023年1月12日顺行，你的主星水星在2022年12月29日逆行，2023年1月18日顺行,2023-02,处女座
525,木星,True,False,但去年木星大部分是逆行状态，你可能感觉木星对提高收入或财运帮助不大,2023-02,处女座
526,水星,False,True,水星是在上个月恢复顺行的，现在非常的强有力，所以你可以在交易完成后签字,2023-02,射手座
527,水星,True,False,火星不再逆行，水星也不再逆行，终于有了一条畅通的爱情大道!这期间，巨蟹可以光顾美发师，去皮肤科医生那里补一下填充物或注射肉毒杆菌，为即将到来的春季购置新衣服,2023-02,巨蟹座
528,火星,True,False,在10月30日至1月12日火星逆行期间，可能出现了一些复杂状况或延迟,2023-02,摩羯座
529,火星,True,False,你也许需要签署一个合约，由于火星和水星已经不再逆行，所以去行动吧,2023-02,摩羯座
530,水星,True,False,现在水星已不再逆行，你也许打算买辆车——这是一个开始浏览相关信息并研究买车的好时机,2023-02,摩羯座
531,火星,True,True,由于火星从去年10月30日开始就进入了逆行状态，直到今年1月12日才恢复顺行，所以你的感情方面一直受到阻碍,2023-02,水瓶座
532,火星,True,True,上个月的火星和它的小兄弟水星都还处于逆行状态，但两者已经分别在1月12日及18日恢复顺行,2023-02,水瓶座
533,火星,False,True,本月标志着与前几个月相比的重大变化，代表行动力的火星于上个月12日恢复顺行,2023-02,狮子座
534,水星,True,False,逆行时，我们最容易感受到的是离地球最近的三颗行星，即水星、金星和火星,2023-02,狮子座
535,金星,True,False,逆行时，我们最容易感受到的是离地球最近的三颗行星，即水星、金星和火星,2023-02,狮子座
536,水星,True,False,同时，水星也在逆行，在你的日常工作宫，所以你在办公室的日常生活也有起伏，没有明显的节奏和原因,2023-02,狮子座
537,火星,True,True,与此同时，白羊的守护星火星从22年10月30日开始逆行，直到1月12日恢复顺行,2023-02,白羊座
538,水星,True,True,水星和火星在逆行中度过了很长一段时间——火星从22年10月30日开始逆行，水星从22年12月29日开始逆行，最终分别在新一年的1月12日和1月18日恢复顺行,2023-02,白羊座
539,火星,True,True,水星和火星在逆行中度过了很长一段时间——火星从22年10月30日开始逆行，水星从22年12月29日开始逆行，最终分别在新一年的1月12日和1月18日恢复顺行,2023-02,白羊座
540,火星,True,False,去年10月30日，火星开始在双子座逆行，在上个月——也就是1月12日结束了逆行,2023-02,金牛座
541,火星,True,False,当火星从10月30日到1月12日逆行时（你一定觉得这几周没完没了），无论你如何努力工作，你都觉得没有看到你希望达到的结果,2023-03,双子座
542,火星,True,False,增加压力的是，火星从10月30日到1月12日的逆行，这段时间无论你如何努力工作，要取得任何形式的实质性进展都是一场艰苦的战斗,2023-03,双子座
543,水星,True,False,如果你在买卖租赁房产，4月尽早找地方运气最好，因为4月21日到5月14日水星逆行，避开这些日子,2023-03,双鱼座
544,水星,True,False,你的主星水星将在4月21日开始逆行，持续到5月14日，这个月签合同的话要早签，尽量远离水逆开始的日子,2023-03,双鱼座
545,水星,True,False,除此之外，水星会在4月21日至5月14日之间在你的第六宫工作宫逆行,2023-03,双鱼座
546,水星,True,False,水星将会在4月21日至5月14日之间逆行，这意味着如果你有财务方面的事务需要处理的话，那么你需要再三检查没有纰漏,2023-03,双鱼座
547,火星,True,False,当然，2022年10月30日到2023年1月12日火星逆行期间，你必须依靠坚持信念，继续向着目标努力,2023-03,处女座
548,冥王星,True,False,然后逆行退回摩羯座，到明年，冥王星将重新进入水瓶座停留更长时间，从2024年1月20日开始，只有2024年末的两个半月不在水瓶座，再之后冥王星将正式进入水瓶座，停留到2044年1月19日，一个二十年的周期,2023-03,处女座
549,火星,True,False,火星部分时间是在双子座，而10月30日至1月12日期间它是在逆行的,2023-03,天秤座
550,水星,True,False,记住，水星将在下个月4月21日-5月14日逆行，如果你和你的伴侣要给彼此承诺，在水逆期间你不会想被纠缠的,2023-03,天秤座
551,水星,True,False,必须提到的事，水星将在4月21日到5月14日逆行，所以黄金时期会受到阻碍，所以趁着3月25日到4月15日趁早安排，尽量避开水星逆行的阶段,2023-03,巨蟹座
552,冥王星,True,False,但这次冥王星只会在水瓶停留到6月11日，然后就会偷偷逆行回摩羯座,2023-03,巨蟹座
553,水星,True,False,水星下个月即将逆行，现在尽可能地把事情都做完，因为你可不希望4月21日水逆开始（巨蟹甚至会在7-10天前就开始感受到其威力）时搞得一团糟,2023-03,巨蟹座
554,冥王星,True,False,2023年，冥王星将给我们一个提示，人类正在进入新的数字时代，这个预热只会持续到今年6月11日，届时它将逆行回到摩羯座,2023-03,巨蟹座
555,火星,True,False,之所以火星在你的第6宫工作与健康宫双子座内逗留那么长时间（2022.8.20-2023.3.25）的原因是，在此期间的10月30日至1月12日，火星逆行了,2023-03,摩羯座
556,火星,True,False,直到2024年12月6日至2025年2月23日之前，火星都不会再逆行，而且届时火星将不止在一个星座内逆行，所以之前（在一个星座内逗留7个月）,2023-03,摩羯座
557,水星,True,False,要记住，水星将于4月21日至5月14日逆行，尽量在这个月搞定要做的事,2023-03,水瓶座
558,冥王星,True,False,另一个大事件，可能是明年一个更永久趋势的预演——在2023年3月23日至6月11日间，冥王星将停留在水瓶座，然后逆行回到摩羯座，它将在2024年1月20日正式回归水瓶座，停留长达20年之久，直到2044年1月19日,2023-03,白羊座
559,木星,True,False,木星在一个强大而稳定的轨道上运行，这意味着它比去年木星刚入白羊座逆行时更强大,2023-03,白羊座
560,水星,True,False,利用这段时间浏览可能的住所，签署合同，但请记住，从4月21日到5月14日，水星逆行，需要避免在水星逆行期间做出任何重大决定或购买重大物品,2023-03,白羊座
561,金星,True,False,你要记住，金星会在之后一段时间——也就是7月22日到9月3日逆行,2023-03,金牛座
562,水星,True,False,如果你准备购买一个大件物品，请在月初进行，因为水星将从4月21日至5月14日在金牛座逆行,2023-04,双子座
563,水星,True,False,同时，如果可能的话，不要在水星逆行期间（4月21日至5月14日）签署合同，也不要购买任何电子产品或机器设备，因为水星掌管电脑芯片的导线和所有机器的齿轮,2023-04,双子座
564,水星,True,False,尽量在4月初购买电子产品，至少要远离4月21日，因为水星将从这一天逆行，直至5月14日,2023-04,双鱼座
565,水星,True,False,水星将在4月21日至5月14日逆行，所以你要花时间预估项目准备期和推进过程中的所有细节,2023-04,双鱼座
566,木星,True,False,然而，由于火星那旷日持久的逆行（2022年10月30日直到2023年1月12日）以及带来好运的木星逆行（2022年7月28日至11月23日），你等对金钱的收获可能经历了漫长等待，耐心几乎耗尽,2023-04,双鱼座
567,水星,True,False,记住水星将在4月21日-5月14日逆行，所以会缩短你重要的事业周期,2023-04,天秤座
568,水星,True,False,要果断，因为水星即将在4月21日-5月14日逆行，在那期间你不应该签署任何协议,2023-04,天秤座
569,水星,True,False,如果你想完成的事情属于我刚才列出的其中一类，那就早点开始吧，因为水星将在4月21日至5月14日逆行,2023-04,天蝎座
570,水星,True,False,由于水星将从4月21日（日食后两天）逆行至5月14日，所以如果你真的渴望一个新的宠物，你可能想等到5月晚些时候再选择你的新宠物,2023-04,天蝎座
571,水星,True,False,4月21日-5月14日，金牛座内的水星将在巨蟹的第十一宫——友情宫逆行,2023-04,巨蟹座
572,金星,False,True,5月爱情运会更佳，金星5月7日-6月5日在巨蟹宫，美丽与魅力俱增，水星也将于5月14日恢复顺行，巨蟹将有时间储备更多的新装备和漂亮衣服,2023-04,巨蟹座
573,水星,True,False,我很高兴你能在本月初结束会谈（无论生日是什么时候），因为水星即将在你职业生涯的第十宫逆行,2023-04,我一直在写你的星座
574,金星,True,False,你的目标必须非常稳定——金星将在7月22日至9月3日逆行，所以你也要避免这段时间开启重要事项,2023-04,我一直在写你的星座
575,水星,True,False,我很高兴你能在本月初结束会谈（无论生日是什么时候），因为水星即将在你职业生涯的第十宫逆行,2023-04,狮子座
576,金星,True,False,你的目标必须非常稳定——金星将在7月22日至9月3日逆行，所以你也要避免这段时间开启重要事项,2023-04,狮子座
577,水星,True,False,记得不要磨蹭——因为水星将在4月21日逆行，一直持续到5月14日,2023-04,白羊座
578,水星,True,False,尽量在4月初购买电子产品，至少要远离4月21日，因为水星将从这一天逆行，直至5月14日,2023-04,苏珊米勒2023年4月双鱼座
579,木星,True,False,然而，由于火星那旷日持久的逆行（2022年10月30日直到2023年1月12日）以及带来好运的木星逆行（2022年7月28日至11月23日），你等对金钱的收获可能经历了漫长等待，耐心几乎耗尽,2023-04,苏珊米勒2023年4月双鱼座
580,水星,True,False,记住水星将在4月21日-5月14日逆行，所以会缩短你重要的事业周期,2023-04,苏珊米勒2023年4月天秤座
581,水星,True,False,如果你想完成的事情属于我刚才列出的其中一类，那就早点开始吧，因为水星将在4月21日至5月14日逆行,2023-04,苏珊米勒2023年4月天蝎座
582,水星,True,False,记得不要磨蹭——因为水星将在4月21日逆行，一直持续到5月14日,2023-04,苏珊米勒2023年4月白羊座
583,水星,True,False,你要记住，在日食象征的消息来到身边之后，要放慢脚步，水星会从4月21日在金牛座开始逆行，直到5月14日结束逆行,2023-04,苏珊米勒2023年4月金牛座
584,水星,True,False,你要记住，在日食象征的消息来到身边之后，要放慢脚步，水星会从4月21日在金牛座开始逆行，直到5月14日结束逆行,2023-04,金牛座
585,水星,True,False,我要强调一下，4月21日至5月14日，水星会在金牛座逆行，他会放慢谈话的步伐，放慢你的每一次沟通交流,2023-04,金牛座
586,水星,True,False,你的守护星水星将在5月14日之前都在逆行，使情况的相关细节变得模糊,2023-05,双子座
587,水星,True,False,水星，你的守护星，将继续逆行，一直到5月14日，所以如果你确实需要手术，看看你是否可以安排在本月晚些时候（如果手术是选择性的，不紧急）,2023-05,双子座
588,木星,True,False,木星能量加持，你可能想买一辆新车，只要水星不逆行(就像现在直到5月14日)，时间任你安排,2023-05,双鱼座
589,水星,True,False,4月21日开始，你的主星水星在金牛座逆行，这种懒散懈怠的状态将持续到5月14日,2023-05,处女座
590,天王星,True,False,你的主星水星在金牛座逆行，与天王星足够靠近，足以感受到这次月食的爆发力,2023-05,处女座
591,水星,True,False,月食还伴随水星逆行，让气氛愈发地混乱、危急、迷茫，这次水逆从4月21日开始，持续到5月14日,2023-05,处女座
592,水星,True,True,还有水星也会在5月的前两周里逆行，它从4月21日就开始逆行了，并将在5月14日恢复顺行，这是你应该花时间仔细考虑作出回应的另一个原因,2023-05,天秤座
593,水星,True,False,下结论很容易，但是不要急于下结论，因为掌管着沟通的水星在5月14日之前都在逆行,2023-05,射手座
594,水星,True,False,确保在水星逆行的时候不要购买任何电子设备或者机械设备，这次的水星逆行从4月21日开始并且会持续到5月14日,2023-05,射手座
595,水星,True,True,而让你慢慢来别着急的主要原因是，4月21日起水星就在金牛宫逆行，5月14日才会恢复顺行,2023-05,巨蟹座
596,火星,True,False,本次月食缩短了巨蟹与火星的有效相处时间，水星逆行也没有做出什么有效的推动，特别是在工作上,2023-05,巨蟹座
597,水星,True,False,水星将逆行至5月14日，混淆你收到的信息，所以当你匆忙决定时得小心,2023-05,摩羯座
598,水星,True,False,你的守护星水星将在5月14日之前都在逆行，使情况的相关细节变得模糊,2023-05,狮子座
599,水星,True,False,水星，你的守护星，将继续逆行，一直到5月14日，所以如果你确实需要手术，看看你是否可以安排在本月晚些时候（如果手术是选择性的，不紧急）,2023-05,狮子座
600,水星,True,False,水星将在本月一直逆行到5月14日，所以不要因为5月5日的月食而急于做出结论或重大决定,2023-05,白羊座
601,水星,True,True,进入5月时，水星仍然在金牛座逆行中，这一趋势始于4月21日，并将在5月14日水星恢复顺行时结束,2023-05,白羊座
602,水星,True,False,)水星逆行实际上是一个非常有用的区间，因为它会迫使我们回顾并修复那些从未完成或需要纠正错误的事情,2023-05,白羊座
603,水星,True,False,同时水星逆行还有其他的积极面，如果你曾和一群志同道合的人一起工作，并希望再次合作，那么水逆时的再聚首，不会有任何问题,2023-05,白羊座
604,水星,True,False,水星在逆行，和太阳、天王星靠得很近，他也会和满月形成对分，因此，星星们的相处并不融洽,2023-05,金牛座
605,冥王星,True,False,冥王星在水瓶座与木星的关系很僵，但在6月11日，冥王星将在今年余下的时间里逆行回到摩羯座，直到2024年1月20日才回到水瓶座,2023-06,双子座
606,金星,True,False,我应该告诉你，金星将在下个月7月22日至9月3日处于逆行（在美国正是劳动节前一天）,2023-06,双子座
607,金星,True,False,金星很少会逆行（谢天谢地）——每18个月才逆行一次，大约43天,2023-06,双子座
608,金星,True,False,金星逆行不适合安排整形手术、面部拉皮、肉毒杆菌、填充物或牙科美容,2023-06,双鱼座
609,金星,True,False,已婚的或者正处于一段稳定、严肃的感情关系中的双鱼座，不太会受到金星逆行太大的影响，因为你们在此之前就结缘良久了,2023-06,双鱼座
610,金星,True,False,有个重要的事实要考虑，7月22日到9月3日，金星将在狮子座逆行，期间金星暂停供给她在爱、浪漫、美、优雅、资金、财务收获上的天分，金星将在狮子座停留到10月8日，很长一段时间，金星很少在一个星座这么久,2023-06,处女座
611,金星,False,True,10月8日到11月8日你终于迎来金星进入处女座——你的魅力全时高涨，金星将在9月3日顺行，所以当金星进入处女座时，她的状态非常好,2023-06,处女座
612,金星,True,False,有些活动要避开金星逆行，金星有关美和外表，说明7月22日到9月3日这段时间不适合面部提升、注射肉毒或填充、整牙,2023-06,处女座
613,金星,True,False,同样重要的是，注意金星将于下个月7月22日开始逆行，直到9月3日（美国劳动节前一天）,2023-06,天秤座
614,金星,True,False,当你在金星逆行时采取行动，你可能不会喜欢你所爱之人给出的结果或反应，因为他们可能会抵制你所做的改变,2023-06,天秤座
615,金星,True,False,金星掌管所有美化的东西，所以在金星逆行期间要推迟购买宝石，推迟购买贵价的新香水,2023-06,天秤座
616,金星,True,False,7月金星会逆行，从7月22日到9月3日，金星掌管爱、浪漫、美、宠爱（比如做spa），也掌管宝石、精致晚餐、各种派对——总之就是生活中的各种乐趣,2023-06,天蝎座
617,金星,True,False,如果你单身，最好不要在金星逆行期开始一段新关系，你不会希望关系的“诞生”盘上带着金逆,2023-06,天蝎座
618,金星,True,False,7月22日到9月3日金星逆行期也不应该安排拉皮、整形手术、注射肉毒、填充或整牙（逆行开始和结束的时间点也多留出几天时间，不要离得太近）,2023-06,天蝎座
619,金星,True,False,虽然，目前金星在罕见的逆行阶段，而且未来几个月仍然需要逆行，大概6周时间，从7月22日-9月3日,2023-06,射手座
620,水星,True,False,通常我们不会强烈地感知到外行星的逆行，但是当水星、火星和金星在近地轨迹时我们会有反应,2023-06,射手座
621,金星,True,False,7月22日到9月3日金星将在狮子座内逆行，这对金星来说是罕见的，她每18个月才逆行6周左右，所以你不习惯金星逆行,2023-06,巨蟹座
622,金星,True,False,大部分占星师认为，单身的人，金星逆行时不适合开始新恋情，因为金星掌管爱情和感情，在逆行期间，它强烈地限制了发展新恋情的优势,2023-06,巨蟹座
623,金星,True,False,在继续往下说之前，我相敦促你在本月尽可能多地完成你想做的事，因为从下个月22号开始，金星就要进入逆行期，并持续到9月3日才结束,2023-06,水瓶座
624,金星,True,False,对于金星逆行，我要说的第一个重点是，不要在此期间进行任何外科手术、脸部提升、除皱或填充,2023-06,水瓶座
625,金星,True,False,金星逆行每隔18个月出现一次，每次持续六周时间，所以这次过后，你不会很快再经历这种情况了,2023-06,水瓶座
626,火星,True,False,我们不太能感受到外行星逆行带来的影响，但会强烈感受到火星、金星和水星逆行的作用,2023-06,水瓶座
627,金星,True,False,从下个月7月22日开始，一直持续到9月3日，在金星逆行期间，不要进行整容、肉毒杆菌毒素或填充物,2023-06,狮子座
628,冥王星,True,False,你的事业可能会享受到收入增长，因为有冥王星即将在6月11日逆行回摩羯座，代表荣誉，奖励和成就的第十宫，它会待在你久负盛名的专业领域，直到2024年1月20日,2023-06,白羊座
629,金星,True,False,按需要说指出的是下个月金星会从7月22日开始，一直到9月3日处在一个逆行的阶段,2023-06,白羊座
630,金星,True,False,如果你在金星逆行期间(7月22日和9月3日)做出改变，你可能不喜欢事情的最终结局,2023-06,白羊座
631,金星,True,False,金星逆行期间——也就是从7月22日开始，不要安排所有黑科技的方式来改变外表,2023-06,金牛座
632,水星,True,False,隔壁的双子座由水星守护，而水星每12周逆行一次，一次持续3周，相比之下，你挺幸运,2023-06,金牛座
633,金星,True,False,金星将在7月22日至9月3日进行逆行，所以要慢慢来，当涉及到爱情和吸引力的问题时，要坚持维持现状,2023-07,双子座
634,水星,True,False,水星将在8月23日到9月15日进行逆行，所以在9月15日之后才会发生什么惊天动地的事情,2023-07,双子座
635,金星,True,False,在结束之前，我想提醒你，金星将在本月从7月22日至9月3日都在逆行,2023-07,双子座
636,金星,True,False,我在上个月的6月预测中写了很多关于金星逆行（7月22日至9月3日）时该做什么（和不做什么）的内容,2023-07,双子座
637,金星,True,False,如果你还是单身，不要在这期间寻找新的感情伴侣——金星掌管感情，在逆行期间，感情可能一开始很热烈，但很快就会冷却下来,2023-07,双子座
638,水星,True,False,我也想让你知道，你的守护星水星也会逆行，从下个月的8月23日开始到9月15日，与金星逆行期的一部分会重叠,2023-07,双子座
639,金星,True,False,我也想让你知道，你的守护星水星也会逆行，从下个月的8月23日开始到9月15日，与金星逆行期的一部分会重叠,2023-07,双子座
640,火星,True,False,我们将迎来一个缓慢的夏天，因为我们在逆行时感受最强烈的三颗行星中的两颗（这三颗是水星、火星和金星，因为它们的轨道离地球最近）都要逆行,2023-07,双子座
641,火星,True,True,虽然你必须删除那段时间的第一部分，因为前半段金星和水星都会逆行，但你的爱情黄金期将从9月15日（水星顺行）延续到10月11日，即火星离开天秤座的日子,2023-07,双子座
642,金星,True,False,这些都是金星逆行期间不能做的事情，平常的事还是可以照旧进行的，比如修剪头发和简单修饰(只是不要大幅度地改变外表就好),2023-07,双鱼座
643,金星,True,False,如前所述，7月17日的的浪漫新月落入真爱宫，但问题是金星在那之后不久就逆行了,2023-07,双鱼座
644,天王星,True,False,7月底，有迹象表明，你可能会到附近城市拜访客户，但这样安排或许有些欠妥，因为8月1日的满月时节，天王星将与逆行的金星成艰难相位,2023-07,双鱼座
645,金星,True,False,7月18日之前尽可能多完成事情，我们又要遭遇逆行了——这个月金星先逆行，下个月你的主星水星也逆行,2023-07,处女座
646,水星,True,False,7月18日之前尽可能多完成事情，我们又要遭遇逆行了——这个月金星先逆行，下个月你的主星水星也逆行,2023-07,处女座
647,金星,True,False,7月22日到9月3日金星逆行，金星掌管爱和浪漫、美、所有修饰的东西（比如贵重珠宝和配饰），金星逆行不能做整形手术，包括注射肉毒和填充，也不适合整牙,2023-07,处女座
648,金星,True,False,这时不适合与新人开始新恋情，如果你已婚或关系稳定，可能感觉不到金星逆行——我更担心单身的处女座,2023-07,处女座
649,水星,True,False,8月23日到9月15日水星逆行，如果你需要新车、电脑、手机或其他电子产品，7月前两周就买，或等到9月下半月,2023-07,处女座
650,水星,True,False,你也需要考虑到下个月的水逆——8月23日-9月15日——因为水星和金星都在靠近地球的轨道上运行，会部分重叠在一起逆行,2023-07,天秤座
651,金星,True,False,你需要在7月1-18日期间尽可能多地实现，在你的守护星金星从7月22日-9月3日逆行之前空出几天时间,2023-07,天秤座
652,金星,True,False,金星逆行不适合进行初次约会，所以如果你单身，请放松，推迟去寻找那个你希望有一天能结婚的特别人选,2023-07,天秤座
653,金星,True,False,如果你已婚，金星逆行不会对你造成伤害，因为你在一段时间前已经遇到你的配偶或重要的另一半,2023-07,天秤座
654,金星,True,False,不仅是金星将在7月22日-9月3日逆行，水星也将在下个月8月23日-9月15日逆行,2023-07,天秤座
655,火星,True,False,（在我向你展示火星的状况后，我会谈到逆行的行星，火星并不是其中之一）,2023-07,天蝎座
656,金星,True,False,你需要注意的是，金星将在本月7月22日到9月3日逆行，而水星同样将在8月23日至9月15日逆行,2023-07,天蝎座
657,水星,True,False,你需要注意的是，金星将在本月7月22日到9月3日逆行，而水星同样将在8月23日至9月15日逆行,2023-07,天蝎座
658,金星,True,False,金星，水星和火星是逆行时我们感受最明显的行星，因为它们的轨道最接近地球,2023-07,天蝎座
659,火星,True,False,金星，水星和火星是逆行时我们感受最明显的行星，因为它们的轨道最接近地球,2023-07,天蝎座
660,金星,True,False,本月金星逆行和下月水星逆行的时候，有些事情你可以做，但有些事情你不应该做,2023-07,天蝎座
661,水星,True,False,本月金星逆行和下月水星逆行的时候，有些事情你可以做，但有些事情你不应该做,2023-07,天蝎座
662,金星,True,False,金星也掌管爱情，所以金星逆行不适合单身人士通过约会、相亲去努力寻找真爱，因为这时感情和热情都处于低点,2023-07,天蝎座
663,金星,True,False,金星还掌管所有饰物和奢品——金星逆行时不要购买钻石、珍贵宝石，这些对我来说是最容易避免的，我是不会在这个阶段买这些,2023-07,天蝎座
664,水星,True,False,8月23日到9月15日水星逆行，不适合签订法律文件、不适合购买依赖活动部件的产品、电子用品，比如汽车、电脑、手机这类都不适合,2023-07,天蝎座
665,水星,True,False,水星逆行时是可以出行的，但容易遇到延误，或遇到罢工（特别是旅游和交通领域），从一个地方到另一个地方的过程变难,2023-07,天蝎座
666,水星,True,False,尽管如此，你其实是可以享受这次水星逆行的星座，因为你可能遇到老朋友，甚至在周边社区办事的时候偶遇老朋友,2023-07,天蝎座
667,金星,True,False,金星逆行的并不频繁（大约每隔18个月逆行一次，每次持续六周），当金星不在状态的时候，你就没有办法享受到她掌管的那些好处——美丽，奢华，爱情,2023-07,射手座
668,金星,True,False,至于美容，从7月22日至9月3日期间，不要安排打肉毒素，不要填充，不要拉皮，不要尝试激进的发型和发色，并且要在金星逆行开始和结束的时候都预留出一段时间,2023-07,射手座
669,金星,True,False,当金星逆行的时候，你绝对不能做整形手术，并且要尽量避免打肉毒，填充，或者整牙,2023-07,射手座
670,金星,True,False,单身的射手座注意不要在金星逆行期间开启第一次约会（7月22日之后）,2023-07,射手座
671,金星,True,True,已婚的射手和那些已经建立了稳固关系的射手不会受到金星逆行的影响，因为你的恋情已经开启很久了，并且那个时候金星在顺行,2023-07,射手座
672,水星,True,False,你应该已经知道了在水星逆行期间不要签署合同，同时也不是开启新事业的好时机,2023-07,射手座
673,水星,True,False,水星要在8月23日至9月15日的时候才会逆行，所以你可以把事情推进,2023-07,射手座
674,金星,True,False,说到吸引力，金星逆行（7月22日至9月3日）也不是做整容手术的好时机,2023-07,巨蟹座
675,金星,True,False,7月初就将完成许多关键的任务，并将在7月22日金星逆行之前完成，也可以在9月15日之前完成重要的行动，这是你的选择,2023-07,巨蟹座
676,金星,True,False,稍后，从7月22日至9月3日，金星将会逆行，这将令事业进展放缓，因为金星守护摩羯座的事业名望宫（第10宫）以及你的真爱宫（第5宫）,2023-07,摩羯座
677,金星,True,False,另外，金星也掌管着爱，所以单身的不应在金星逆行时开始首次约会，因为关系也许会很快冷下来，如果它有机会发展的话,2023-07,摩羯座
678,金星,True,False,正在认真约会阶段的情侣和那些已婚的并不会受金星逆行影响，因为你们在一起已经有段时间了，并已证明了彼此的爱,2023-07,摩羯座
679,金星,True,False,金星掌管主要吸引女性的产品和服务，所以无论你是男性还是女性，都不要在金星逆行期间执行针对女性的推广,2023-07,摩羯座
680,金星,True,False,记住，其他人也会处于金星和水星逆行的影响下，所以你放下工作事务一会儿并不会失去你的竞争优势——实际上，你将与宇宙的周期协作，而这会令你处于一个比你的竞争对手们更好的位置）,2023-07,摩羯座
681,金星,True,False,涉及爱情和美丽的外貌，你就要知晓金星将于7月22日逆行，并持续到9月3日才结束,2023-07,水瓶座
682,金星,True,False,金星目前在狮子座（非常好），但将于7月22日至9月3日在狮子座逆行（不好）,2023-07,狮子座
683,金星,True,False,现在也不是举办奢华派对或慈善筹款活动的时候，金星逆行期间的捐款可能会低于预期,2023-07,狮子座
684,金星,True,False,如果你已婚或处于一段严肃的恋爱关系，你不太可能受到金星逆行的影响，因为很久以前就遇到了伴侣，而且你们很可能相处得很好,2023-07,狮子座
685,水星,True,False,我应该告诉你，水星将在下个月8月23日到9月15日期间逆行，这是得在7月前三周尽可能取得成就的另一个原因,2023-07,狮子座
686,金星,True,False,金星即将从7月22日到9月3日开始逆行，期间，金星关闭了主掌领域的力量，即乐趣，爱情，美丽和呵护,2023-07,白羊座
687,金星,True,False,金星逆行期间，别以戏剧性的方式改变外表——不要整容，别去皮肤科医生那里寻找填充剂或肉毒杆菌毒素,2023-07,白羊座
688,金星,True,False,单身羊，金星逆行也不是开始和新朋友约会的时候，因为金星主掌感情，虽然你可能一开始感觉良好，起了化学反应，但这段关系可能会很快冷却，让你对可能发生的事情感到困惑,2023-07,白羊座
689,金星,True,False,同时，新月前后可能会有一些文件要签，但这段时间你必须要小心——金星就要开始逆行了（7月22日），有一些提议似乎想到好，但正因如此，你可能会怀疑其真实性,2023-07,金牛座
690,金星,True,False,在上个月的运势当中，我写了很多金星逆行的细节，所以，如果你愿意，就去查看6月的月运来获得更多细节吧,2023-07,金牛座
691,水星,True,False,如你所见，这个阶段会让你专注家庭、专注家人，前面已经讲到，8月23日的新月会再次强调这方面的事情，也会让你取得进展（不过水星会从8月23日开始逆行，直到9月15日恢复逆行，所以，一定要有耐心）,2023-07,金牛座
692,火星,True,False,通常情况下，火星来到爱情宫会非常浪漫，但是金星逆行会造成干扰，对单身人士尤其如此,2023-07,金牛座
693,金星,True,False,通常情况下，火星来到爱情宫会非常浪漫，但是金星逆行会造成干扰，对单身人士尤其如此,2023-07,金牛座
694,水星,True,False,你的守护星水星将从8月23日到9月15日在逆行，谢天谢地，这通常是办公室里比较安静的时间（人们去度假了）,2023-08,双子座
695,金星,True,False,金星也会逆行到9月3日，所以开始浏览秋季的最新时装，并列出你需要更新衣柜的详细清单，但在9月15日之前不要购买任何昂贵的东西,2023-08,双子座
696,金星,True,True,金星从 7 月 22 日开始逆行，并将于 9 月 3 日恢复顺行,2023-08,双子座
697,水星,True,False,看看有多少行星将在八月逆行——总共六颗——水星、金星、土星、天王星、海王星和冥王星,2023-08,双子座
698,火星,True,False,幸运的是，火星目前没有逆行，也在一段时间不会逆行，而木星将在九月逆行,2023-08,双子座
699,木星,True,False,幸运的是，火星目前没有逆行，也在一段时间不会逆行，而木星将在九月逆行,2023-08,双子座
700,水星,True,False,尽管你的守护星水星将逆行，但木星将在八月底向水星发出闪烁的振动，所以你的家或家人也将受到这次满月的保护,2023-08,双子座
701,金星,True,False,而8月23日到9月15日，金星的兄弟水星也将在双鱼座的关系宫逆行，水金双星是非常重要的内行星，所以能不偏离轨道就算胜利,2023-08,双鱼座
702,木星,True,False,8月底有六颗行星逆行，9月4日木星开始逆行，生活的节奏变得很慢，所以顺其自然吧,2023-08,双鱼座
703,金星,True,False,本月的节奏会比较慢，因为8颗行星中的4颗在逆行，而到月底，这个数字就变成6颗——金星，水星（8月23日）、土星、天王星（8月28日），海王星和冥王星，并且，木星已经因为9月4日即将开始的逆行而放慢了速度,2023-08,双鱼座
704,金星,True,True,7月22日起，金星在掌管双鱼座日常工作宫位逆行，并于9月3日恢复顺行,2023-08,双鱼座
705,金星,True,False,上个月我简短提到了金星逆行，8月和9月的一部分时间，不适合举办奢华、昂贵的聚会或者购买昂贵珠宝,2023-08,双鱼座
706,金星,True,False,现在我们来看下金星的小兄弟水星，他也即将在8月23日至9月15日期间逆行,2023-08,双鱼座
707,火星,True,False,你的主星水星，任务就是照顾你，将在8月23日到9月15日逆行，这期间算是水星“旷工”，你看看，水星将火星处女座期间你享受的控制权切成两部分，说明你可以充分运用8月前两周做出重要决定，那之后如有任何最终定论的情况，最好推迟到9月下半月再定,2023-08,处女座
708,金星,True,False,7月里，金星开始在狮子座逆行，持续到9月3日，这个月不要买贵重珠宝，也不要整形，不要打肉毒或填充，不要改变发色或大改发型等,2023-08,处女座
709,水星,True,False,8月最大的问题是水星逆行，8月23日逆行到9月15日，现在谈水逆有点早，后面再说，我们按时间从月初开始讲,2023-08,处女座
710,金星,True,False,这是个缓慢的月份，十分之五的星体逆行：金星、水星、土星、海王星、冥王星，天王星将在8月28日开始逆行，木星将在9月4日逆行，这两颗星体也在减速了,2023-08,处女座
711,木星,True,False,这是个缓慢的月份，十分之五的星体逆行：金星、水星、土星、海王星、冥王星，天王星将在8月28日开始逆行，木星将在9月4日逆行，这两颗星体也在减速了,2023-08,处女座
712,水星,True,False,水星逆行带来困惑、沟通失误、健忘，也导致我们草率，无法做出认真周到的决定，引发之后推翻这些决定,2023-08,处女座
713,金星,True,False,金星掌管爱、美、奢侈、欢乐和派对，这些领域在金星逆行时容易不顺，别整容或打填充、肉毒，男性读者别突然刮掉胡子或蓄须，每个人都维持现状就好，当然，可以做些例行修剪，但不要在外形上大改，否则你可能很不喜欢改完的效果,2023-08,处女座
714,水星,True,False,水星将从 8 月 23 日开始逆行至 9 月 15 日，因此 8 月份最适合静观其变，不要在任何方面推进,2023-08,天秤座
715,金星,True,False,你很幸运，因为金星很少逆行，每 18 个月才逆行六周，而其他星座面临守护星逆行的频率要高得多,2023-08,天秤座
716,火星,False,True,此外，一旦火星在8月27日进入天秤座，将提升你的吸引力和魅力，一旦金星恢复顺行，火星将与金星默契配合,2023-08,天秤座
717,金星,True,True,你的守护星金星也还在逆行，这是你的进展持续缓慢的另一个原因，但一旦9月3日金星恢复顺行，这种状态就会改变了,2023-08,天秤座
718,金星,True,True,金星在狮子座逆行数周后将于9月3日恢复顺行——这对你来说是个好兆头，因为金星仍在你的友谊宫，下个月将激发大量社交活动,2023-08,天秤座
719,水星,True,False,另外，你可能会遇到人手不够的问题，办公室或家里需要请人帮忙，但由于水星逆行，我建议你尽快在8 月初或者等到9月 15 日之后再雇人,2023-08,天秤座
720,水星,True,False,我知道，八月也会有不顺的时候，尤其是水星逆行的时候，所以顺其自然吧,2023-08,天秤座
721,金星,True,False,八月生活会暂停一下，因为有五颗行星正在逆行：金星、水星、土星、海王星和冥王星（天王星将于 8 月 28 日逆行）,2023-08,天蝎座
722,金星,True,False,正如在报告的开头提到的，十分之五的天体将在8 月逆行：金星、水星、土星、海王星和冥王星都将逆行（还有 8月28 日的天王星和 9月4日开始的木星，这意味着他们都已经放慢了速度）,2023-08,天蝎座
723,天王星,True,False,正如在报告的开头提到的，十分之五的天体将在8 月逆行：金星、水星、土星、海王星和冥王星都将逆行（还有 8月28 日的天王星和 9月4日开始的木星，这意味着他们都已经放慢了速度）,2023-08,天蝎座
724,水星,True,False,本月更令人担忧的是水星即将从8月23日到9月15日逆行——你会在水星正式转动前14天感受到水星的减速,2023-08,天蝎座
725,水星,True,False,当水星在8月23日至9月15日逆行的时候，你可能会感受到所有事物都暂时放缓,2023-08,射手座
726,水星,True,False,在水星逆行期间与其去结识新朋友，不如回过头去跟那些在过去支持你的老客户和老同事联络——在八月，这是最适合你花费时间的事情,2023-08,射手座
727,水星,True,False,水星会一直逆行到9月15日，所以最好等到9月16日再开始找，所有的新月都会在接下来的几周甚至几个月里带给你帮助，但是在新月发生的前10天内影响力最强,2023-08,射手座
728,金星,True,False,爱情方面，金星在逆行，这个星象是从7月22日开始要到9月3日才结束,2023-08,射手座
729,火星,True,False,火星离开处女座之后，要等两年才会再次回到处女座，不要介意那些水星在处女座逆行带来的那些让人困惑的因素,2023-08,射手座
730,金星,True,False,金星在整个8月期间都不在状态，要到9月3日的时候才恢复，当金星逆行的时候，她会收敛自己的能量，让我们无法感受到它们,2023-08,射手座
731,金星,False,True,单身的射手最好在9月15日金星和水星双双都恢复顺行之前都不要开始第一次约会,2023-08,射手座
732,金星,True,False,水星将从8月23日逆行到9月15日，而支配美丽、爱和金钱的金星也将在9月3日之前保持逆行,2023-08,巨蟹座
733,水星,True,False,水星、金星、土星、海王星和冥王星都将逆行，任何逆行的行星都会被削弱，其能量无法最大化地释放,2023-08,巨蟹座
734,天王星,True,False,(天王星将在8月底逆行，木星将在9月4日开始逆行，所以它们在8月都已经开始减速了,2023-08,巨蟹座
735,木星,True,False,(天王星将在8月底逆行，木星将在9月4日开始逆行，所以它们在8月都已经开始减速了,2023-08,巨蟹座
736,金星,True,False,水星、金星、土星、海王星和冥王星都将逆行，任何逆行的行星都会被削弱，其能量无法最大化地释放,2023-08,巨蟹座
737,水星,True,False,通常，如果在水星逆行时开始一个重要项目，之后大部分工作也不得不重做,2023-08,巨蟹座
738,水星,True,False,例如，你从一家你以前从未合作过的公司得到了一份很好的新工作岗位，而且可能必须在水星逆行期间接受这份工作，否则就有失去它的风险，或许你不喜欢这个职位，但希望通过这段职业经历可以美化自己的简历，并获得一些有价值的经验,2023-08,巨蟹座
739,土星,True,False,土星，你的守护星，从6月中旬起就在逆行，并在11月4日前都将处于掉线状态,2023-08,摩羯座
740,金星,True,False,金星，这颗掌管你声望显赫的职业晋升的星体，同样在逆行并要到9月3日之后才回归正常,2023-08,摩羯座
741,水星,True,False,水星，交流、签约、谈判及贸易之星，会在不远未来的8月23日至9月15日逆行,2023-08,摩羯座
742,金星,True,False,8个行星里有5个都会逆行：金星、水星（8月下旬）、土星、海王星与冥王星（天王星在8月28日转入逆行，随后是9月4日木星逆行）,2023-08,摩羯座
743,木星,True,False,8个行星里有5个都会逆行：金星、水星（8月下旬）、土星、海王星与冥王星（天王星在8月28日转入逆行，随后是9月4日木星逆行）,2023-08,摩羯座
744,火星,True,False,逆行时让你感受最为明显的是轨道最靠近地球的星体——金星、水星与火星，但火星是唯一不在逆行状态的星体,2023-08,摩羯座
745,金星,True,True,金星从7月22日起就进入逆行了，并将持续那样的状态直到她在9月3日顺行为止,2023-08,摩羯座
746,金星,True,False,关于金星逆行时你应该与不该做哪些事，我是写了许多的，你可以到我的网站查阅上个月的月运,2023-08,摩羯座
747,金星,True,False,金星逆行期并不是与你的皮肤科医生预约诸如肉毒杆菌注射或填充手术，或是叫你的发型师打造先锋新发型或给你染发的时机——你可能不会喜欢最终结果,2023-08,摩羯座
748,水星,True,False,现在让我们聊聊水星，它即将在处女座——它的守护星座之一——逆行，从8月23日直到9月15日,2023-08,摩羯座
749,金星,True,False,你可能觉得自己需要迅速做出决定，但要记住，金星正在逆行，而很快，水星也会逆行（8月23日），所以这段时间，事态不会明朗,2023-08,水瓶座
750,水星,True,False,你可能觉得自己需要迅速做出决定，但要记住，金星正在逆行，而很快，水星也会逆行（8月23日），所以这段时间，事态不会明朗,2023-08,水瓶座
751,金星,True,False,来到8月，8颗星体中有4颗在逆行——金星、土星、海王星和冥王星（太阳和月亮不会逆行）,2023-08,水瓶座
752,火星,True,False,逆行让我们感受最强烈的是火星、金星和水星，而这个时候，三颗中的两颗状态都相对虚弱,2023-08,水瓶座
753,金星,True,False,最好不要在金星逆行期间“诞生”新的恋情——如果这么做，这段感情可能会迅速冷却,2023-08,水瓶座
754,金星,True,False,此外，金星逆行不适合举办奢华派对或者安排慈善筹款活动，募捐到的数额可能会很低,2023-08,水瓶座
755,金星,True,False,金星在狮子座逆行，你不会损失任何时间，因为金星将在9月3日醒来，并在狮子座保持她通常的经行时长，她足够强大并能够帮助你，一直到10月8日,2023-08,狮子座
756,金星,True,False,金星将在整个8月继续逆行，直到9月3日，所以不要对外表做出任何根本性的改变,2023-08,狮子座
757,金星,True,False,考虑到月中有四颗行星（金星、土星、海王星和冥王星）逆行，水星（8月23日）和天王星（8月28日）将在月底逆行，促使你深入思考,2023-08,狮子座
758,水星,True,False,考虑到月中有四颗行星（金星、土星、海王星和冥王星）逆行，水星（8月23日）和天王星（8月28日）将在月底逆行，促使你深入思考,2023-08,狮子座
759,金星,True,False,金星、火星和水星是逆行时需要观察的三颗行星（火星现在状态良好，没有逆行）,2023-08,狮子座
760,火星,True,False,金星、火星和水星是逆行时需要观察的三颗行星（火星现在状态良好，没有逆行）,2023-08,狮子座
761,水星,True,False,水星将在8月23日至9月15日逆行，因此将所有决定和重大行动推迟到9月15号之后再做（再加几天）,2023-08,狮子座
762,水星,True,False,8月23日至9月15日，掌管清晰话语的水星将逆行，沟通将变得模糊,2023-08,白羊座
763,金星,True,False,8月16日狮子座的新月会出现更多的社交，但金星逆行，水星也开始打盹，你可能会重新考虑是否参加，还是待在家里省钱,2023-08,白羊座
764,水星,True,False,8月16日狮子座的新月会出现更多的社交，但金星逆行，水星也开始打盹，你可能会重新考虑是否参加，还是待在家里省钱,2023-08,白羊座
765,水星,True,False,8月23日至9月15日，水星逆行，这将使所有由水星负责的事情变得更加缓慢,2023-08,白羊座
766,水星,True,False,当水星和金星逆行时，你可以回顾以前，但不要在这两个行星负责的领域开始任何新动作,2023-08,白羊座
767,金星,True,True,需要提醒的是，金星仍然会逆行，它在7月22日开始进入逆行，直到9月3日才会恢复顺行,2023-08,白羊座
768,水星,True,True,水星掌管你的真爱宫，他会从8月23日开始逆行，到9月15日恢复顺行,2023-08,金牛座
769,金星,True,True,不过要谨慎，守护星金星仍然在逆行状态，9月3日才会恢复顺行，这个月在一起可能比较难，但对你来说，这是好事——往后拖一拖其实对你有好处,2023-08,金牛座
770,火星,True,False,金星、水星和火星逆行期间，回顾过往总是好的（谢天谢地，今年火星不逆行）,2023-08,金牛座
771,水星,True,False,水星每隔12周半逆行一次，这次，水星在自己守护的处女座逆行，因此产生的影响会格外强,2023-08,金牛座
772,金星,False,True,9月3日金星恢复顺行，金星是你的守护星，她一恢复顺行，生活就会立刻得到改善,2023-08,金牛座
773,水星,True,True,你的守护星水星在 9 月开始时仍在逆行，最终将于 9 月 15 日恢复顺行,2023-09,双子座
774,水星,True,False,作为双子座，你比大多数人更能感受到水星的逆行，因为水星是你的守护星,2023-09,双子座
775,金星,False,True,金星 9 月 3 日恢复顺行，将有助于你的感情和娱乐生活的未来,2023-09,双子座
776,水星,False,True,我觉得值得再等 12 天，等到 9 月 15 日，届时你的守护星水星也将顺行,2023-09,双子座
777,金星,True,False,我在金星逆行前第一次去看的牙齿矫正师告诉我，矫正我的牙齿需要一年的时间,2023-09,双子座
778,水星,True,True,自 8 月 23 日以来，你一直受到守护行星水星逆行的阻碍，本月伊始，这种情况仍在持续，因此，如果可能的话，将所有重要事项都推迟到 9 月 15 日水星顺行之后再采取行动,2023-09,双子座
779,金星,True,False,金星自7月22日起逆行，金星掌管各种生活乐趣：美丽，奢侈品，浪漫以及购买昂贵的名牌商品,2023-09,双鱼座
780,金星,True,True,金星从7月22日开始逆行，并于9月3日恢复顺行，此后开始日渐拾速到最佳状态,2023-09,双鱼座
781,金星,True,True,金星在狮子座很长时间了，这里是你星盘隐秘的十二宫，金星在6月5日进入狮子座，7月22日开始逆行，9月4日顺行,2023-09,处女座
782,金星,True,True,首先，7月22日以来，掌管美、奢侈、爱、快乐的金星一直在逆行，9月4日金星顺行,2023-09,处女座
783,金星,True,True,如果你在金星逆行时推迟了护肤、水疗这类项目，也没换发型或发色，或等着金星顺行后去整牙，9月4日金星顺行后就可以预约了,2023-09,处女座
784,水星,True,True,不过，你的主星水星8月23日开始逆行，目前还在逆行，将于9月15日顺行,2023-09,处女座
785,金星,True,False,如果你感觉最近几个月有点怪怪的，没有什么效益，那是因为金星从 7 月 22 日开始逆行的关系,2023-09,天秤座
786,金星,True,False,我也曾叫你不要在金星逆行期间进行第一次约会，因为第一次见面要么不顺利，要么很快就冷场，让你不知道发生了什么,2023-09,天秤座
787,金星,False,True,现在金星将于9月3日恢复顺行，令人高兴的是，金星将进入狮子座，一个与你完美融合的星座,2023-09,天秤座
788,水星,True,False,不过，我得承认，水星仍然在逆行，而且这次水逆对每个人来说都很艰难，因为水星一直在它守护的处女座,2023-09,天秤座
789,金星,True,False,(现在你明白了，金星和水星的逆行是双重打击，这是你感到沮丧的原因）,2023-09,天秤座
790,水星,True,False,每当水星逆行时，我总是叫你们尽可能不要签署协议，而是要等待，但有些读者来信说担心不签约就会失去机会,2023-09,天秤座
791,水星,False,True,水星顺行已经临近了，尽管金星将于 9 月 3 日就恢复顺行，我还是建议你多等几天——等到下半月再重新启动任何你期待去做的事情,2023-09,天秤座
792,金星,True,False,你的守护星金星自7月22日以来一直处于缺乏热情、懒散的逆行状态，因此你想在任何方面取得进展的努力几乎都会受挫，这让你感到困惑和沮丧,2023-09,天秤座
793,水星,True,False,九月开始时水星仍在处女座逆行，而他也将调整轨道，就在 9 月 15 日，也就是 在9 月 14 日鼓舞人心的处女座新月的第二天,2023-09,天秤座
794,金星,True,True,金星从7月22日在狮子座开始逆行后，将于9月3日在转为顺行，这次巡行发生在你的第十宫事业宫中,2023-09,天蝎座
795,水星,True,False,如果你必须在水星逆行期间签字，至少要在签合同之前聘请一位律师来帮你过一遍合同,2023-09,天蝎座
796,金星,True,True,两颗主要的近地行星金星和水星都在逆行，所以你倍感沮丧，但是这两颗星星在本月都会恢复顺行,2023-09,射手座
797,水星,True,False,这个月开始的时候水星仍旧还在逆行中，他是从8月23日开始逆行的,2023-09,射手座
798,水星,True,False,如果你房屋的交易马上要结束了的话，那我建议你在9月15日之前都不要结束这笔交易，因为水星正在逆行,2023-09,射手座
799,水星,True,False,第三宫是合同宫，所以如果你希望签署合同，9月14日的新月会在水星逆行的前一天到来,2023-09,巨蟹座
800,水星,True,False,如果你有一笔商业交易要完成，请记住水星将逆行，从上个月一直持续到9月15日,2023-09,巨蟹座
801,金星,True,False,而这七颗行星中，逆行时对我们影响最大的三颗行星中的两颗也在逆行——那就是金星和水星——因为它们距离地球的轨道很近,2023-09,摩羯座
802,金星,True,False,从7月22日至9月3日，金星逆行，所以如果你曾面试过一份工作，甚至希望能与某个有权势的人见面，那么这过程会很困难,2023-09,摩羯座
803,水星,True,True,掌管一切协议的水星在上个月8月23日开始了逆行，等到9月15日才恢复顺行,2023-09,摩羯座
804,金星,True,False,而且，由于三颗近地行星中有两颗也在逆行，即金星与水星，无论你有工作还是个人生活方面的计划（都无法获得进展）,2023-09,水瓶座
805,水星,True,False,尽管水星从8月23日才开始进入逆行状态，但所有人都会从2周前开始感受到它的影响,2023-09,水瓶座
806,金星,True,False,演员们也正在遭受打击，因为自7月22日起，金星就一直在狮子座，这个掌管娱乐和演员（尤其是男演员）的宫位逆行，已经过去很长时间,2023-09,水瓶座
807,金星,True,True,自7月22日起，金星就一直在你的对宫狮子座逆行，并将于9月3日恢复顺行,2023-09,水瓶座
808,水星,True,False,水星，掌管会议、谈判、沟通、接触和协议、买卖、旅行和交通，也掌管电子芯片和机器的所有活动部件，它从8月23日就已经开始逆行,2023-09,狮子座
809,水星,False,True,令人高兴的是，处女座新月发生在9月14日，而9月15日，水星也将顺行(也在处女座),2023-09,狮子座
810,金星,True,False,在爱情方面，金星从7月22日开始在狮子座逆行，这会给你的爱情生活带来负面影响,2023-09,狮子座
811,水星,True,False,水星将逆行到9月15日，所以在这个日期之后再签署任何合同或做任何重大冒险,2023-09,狮子座
812,金星,True,False,9月是比8月好很多的一个月，因为金星和水星逆行的关系，一切进度都延后，并且你们会屡屡受挫,2023-09,白羊座
813,金星,False,True,如果是我，还会再等几天再投入到社交生活和变幻造型中，毕竟刚恢复顺行的金星需要时间恢复元气,2023-09,白羊座
814,水星,True,False,可能在有一些星座运势中会说，水星逆行会带来后遗症，会持续几周的时间,2023-09,白羊座
815,水星,True,False,更为让人晕眩的是，海王清在水星逆行期间，同时和水星以及火星有对冲的相位，从而让本来已经无序的一切更让人摸不着头脑,2023-09,白羊座
816,金星,True,True,记住，这个月开始的时候会很慢，直到金星和水星都从月初逆行随后恢复顺行,2023-09,白羊座
817,水星,True,True,记住，这个月开始的时候会很慢，直到金星和水星都从月初逆行随后恢复顺行,2023-09,白羊座
818,水星,True,False,也许你会推迟去看皮肤科医生治疗，如果是这样，开始就可以再次预约，但如果你可能想等到水星逆行结束后，也就是9月15日出行，就更好，还能对你的外表做出任意改变,2023-09,白羊座
819,水星,True,False,水星在8月23日开始逆行，在这三周半的时间里，水星不在状态，你可能会冲动，不注意细节，变得健忘，无法做出可靠、深思熟虑的决定,2023-09,白羊座
820,金星,True,False,金星掌管爱、好运、奢华、美，金星逆行期间，如果你忍住没有展开约会，没有做皮肤理疗、奢华按摩，没有购买喜欢的漂亮奢侈品，很快，这些相关事项都会恢复正常,2023-09,金牛座
821,金星,True,False,金星在狮子座逆行时一直萎靡不振，但不久之后，10月8日，金星会进入处女座，11月8日离开,2023-09,金牛座
822,水星,True,False,也可能，本月就有白羊准备在先，开始圣诞买买买，因水星将会在12月13日至明年的1月1日逆行，而早在水逆开始前的2周，或许就有人会感觉到节奏变慢,2023-10,白羊座
823,水星,True,False,12月13日-2024年1月1日，水星将逆行，但12月1日其实你就能感知到水逆的滞缓效果,2023-11,巨蟹座
824,水星,True,False,提前购买和送达你的礼物，因为水星将在12月13日到1月1日逆行,2023-11,狮子座
825,水星,True,False,在安排好投资或储蓄方案时，你可能会额外多流出一些钱来买节日礼物，要提前买好——12月13日水星开始逆行，1月1日结束,2023-11,金牛座
826,水星,True,False,你需要知道，12月 13日你将直接遭遇水星的逆行，一直持续到 1月 1日——这个相位对每个星座都有影响,2023-12,双子座
827,水星,True,False,水星将在12月13日开始逆行并持续到1月1日，但你现在就应该感受到水星逆行带来的影响了，所以如果你有重大决定要做，我希望你推迟,2023-12,双鱼座
828,海王星,True,True,首先，现代占星守护星海王星，掌管创意创造力，同情和慈悲以及无条件的爱，即将顺行——海王星从6月30日开始逆行，12月6日转顺,2023-12,双鱼座
829,水星,True,False,还有另一个问题就是——从12月13日到1月1日，水星将在射手座（掌管事业宫）逆行，水星从摩羯座开始，但很快就滑入射手座,2023-12,双鱼座
830,水星,True,False,虽然12月13日水星开始逆行，其实提前两周开始感受到水星的减速,2023-12,处女座
831,水星,True,False,还有个星象增加沟通混乱的可能，12月13日到2024年1月1日水星逆行,2023-12,处女座
832,水星,True,False,牢记水星将于 12 月 13 日至 1 月 1 日期间在你的家庭和家人宫逆行,2023-12,天秤座
833,海王星,True,False,更糟糕的是，不仅海王星的相位艰难，水星也将从 12 月 13 日开始逆行至明年 1 月 1 日,2023-12,天秤座
834,水星,True,False,水星将会从12月13日逆行至1月1日，但是你会从至少一周前就感觉到阴影期,2023-12,天蝎座
835,水星,True,False,水星将会在12月13日的时候开始逆行一直到1月1日，带来延迟和问题，因为逆行会经过你的第二宫财富宫，所以水星逆行也会影响你在财务方面的决定,2023-12,天蝎座
836,木星,False,True,如果你一直在期待自己的心上人求婚的话，可能很快就能实现了——木星眼下正位于你的婚姻宫，并且将会在12月30日恢复顺行，在这之后很快你就会得到自己期待的答案,2023-12,天蝎座
837,水星,True,False,记住，水星将在12月13日到1月1日逆行，从你的财务宫摩羯座开始,2023-12,射手座
838,海王星,True,True,值得注意的是，从6月30日开始逆行的海王星将在12月6日恢复顺行,2023-12,射手座
839,水星,True,False,水星统治着处女座，你的太阳第十宫事业宫，所以一旦水星逆行，你需要等到1月份才能取得坚实的专业进展,2023-12,射手座
840,木星,True,True,从9月4日开始逆行的木星将在12月30日开始顺行，这将是锦上添花,2023-12,射手座
841,水星,True,False,明确的沟通也将变得至关重要，水星将在12月13日逆行到2024年1月1日,2023-12,巨蟹座
842,水星,True,False,水星还掌管着所有的电子产品，它们可能会在水星逆行时出问题，所以现在不是购买新电脑或智能手机的好时机,2023-12,巨蟹座
843,水星,True,False,12月13日至1月1日，水星将会逆行，所以确保你已经购买了机票和许多礼物，并在水星开始逆行之前尽可能早地邮寄出去,2023-12,摩羯座
844,水星,True,False,除了水星还将继续逆行几天之外，你有着如此强大的相位来支持你收到（或给出）求婚——并得到幸福的结果,2023-12,摩羯座
845,水星,True,False,从12月13日至1月1日，水星将会逆行——它在摩羯座开始逆行，但很快会移动到射手座,2023-12,摩羯座
846,水星,True,False,水星将于12月13日至2024年1月1日期间逆行，在此期间，不要出售房屋、签署合同或购置任何电子器械,2023-12,水瓶座
847,木星,True,False,如果你并没有感受到木星在房屋或家庭问题上带来足够的帮助，那可能是因为自9月4日起，它就进入了逆行状态,2023-12,水瓶座
848,水星,True,False,请记住，从12月13日到1月1日，水星将在你星盘的同一宫内逆行,2023-12,狮子座
849,水星,True,False,以下是原因：水星将在12月13日至1月1日逆行，并且逆行发生在你的恋爱宫，你可能会与以前的恋爱对象重新联系上，或者遇到一个老朋友,2023-12,狮子座
850,水星,True,False,如果你在寻求IVF治疗（即试管婴儿，星盘第五宫还掌管受孕、生育和照顾孩子），那么对你来说，会有一些好的相位，但对此我就很希望水星不要逆行了,2023-12,狮子座
851,水星,True,False,(因为水星将在12月13日，三分相精准成相的末段逆行，所以这一相位的最佳时刻运势将在12月7日附近）,2023-12,白羊座
852,木星,True,False,木星从9月4日开始逆行，所以如果你的收入有一段时间没有涨，那可能是因为这个关系,2023-12,白羊座
853,水星,True,False,12月13日到1月1日水星逆行，所以要确保一切准备妥当，迎接恶劣的环境,2023-12,金牛座
854,水星,True,False,这个月又会迎来一次水星逆行，我们也总是能感受到水星正式逆行前的暗涌,2023-12,金牛座
