id,type,related_planets,house,reading,source_month,source_sign
1,日食,太阳,,这个月在金牛座10度的日全食中结束，这再次给你的第十二宫带来了关注，这个4月30日的新月日食将出现在你的太阳星盘的第十二宫,2022-04,双子座
2,日食,太阳,,这个月在金牛座10度的日全食中结束，这再次给你的第十二宫带来了关注，这个4月30日的新月日食将出现在你的太阳星盘的第十二宫,2022-04,双子座
3,日食,太阳,,这个月在金牛座10度的日全食中结束，这再次给你的第十二宫带来了关注，这个4月30日的新月日食将出现在你的太阳星盘的第十二宫,2022-04,双子座
4,日食,太阳,,这个月在金牛座10度的日全食中结束，这再次给你的第十二宫带来了关注，这个4月30日的新月日食将出现在你的太阳星盘的第十二宫,2022-04,双子座
5,日食,"太阳,天王星",,4月30日日食时，太阳也将与天王星相合，所以你可能突然需要短途旅行去看望某位体弱多病的人，或者你可能需要去见一位正在进行秘密项目的同事，他需要你的意见,2022-04,双子座
6,日食,"金星,木星",,4月30日在金牛座的新月日偏食将使金星处于主导地位，值得注意的是，4月30日金星将与木星相合,2022-04,双子座
7,日食,"金星,木星",,4月30日在金牛座的新月日偏食将使金星处于主导地位，值得注意的是，4月30日金星将与木星相合,2022-04,双子座
8,日食,,,4月30日，在金牛座有一次新月日食，在你代表隐藏的第十二宫，这表明你可能开始一个秘密的项目或关系，你暂时不能向别人透露,2022-04,双子座
9,日食,,,4月30日，在金牛座有一次新月日食，在你代表隐藏的第十二宫，这表明你可能开始一个秘密的项目或关系，你暂时不能向别人透露,2022-04,双子座
10,日食,天王星,,无论发生什么，都将是巨大惊喜，因为这次日食与天王星紧密相连，这是一颗善于出其不意的行星,2022-04,双鱼座
11,日食,金星,,这就是我认为你会喜欢这次日食的原因:金牛座的日食让金星处于主导地位，所以我们要看看她会做什么,2022-04,双鱼座
12,月食,"金星,木星",,无论食相带来什么信息，显然都是对你有利的，可能与金钱有关，因为月食落入的位置，金牛座，有强烈的财务相关暗示，就像木星和金星一样,2022-04,双鱼座
13,日食,,,如果你参加法律案件，4月30日的日食之后，事情应该格外顺利，做出的裁决对你有利，或你的法律事务只是签合同，最终成就了收益颇丰的结盟,2022-04,处女座
14,日食,金星,,我特别喜欢这次日食的原因是，日食由金星领衔，且金星位于其擢升星座双鱼座，帮它发挥最大力量,2022-04,处女座
15,月食,,,记住，所有日月食都有后续，不要急着认定一个日月食的“好坏”，因为这些是活的事件，都会有后续,2022-04,处女座
16,月食,,,记住，所有日月食都有后续，不要急着认定一个日月食的“好坏”，因为这些是活的事件，都会有后续,2022-04,处女座
17,日食,,,还有其他方式收获日食的利好：也许你被心仪的学院录取，更靠近获取大学或研究生学历的目标，之前你还怀疑自己是否有机会被录取呢,2022-04,处女座
18,日食,金星,,4月30日的这个新月日食还有一些其他对你有利的方面，因为它落于金牛座，而金星是金牛座和天秤座的守护星,2022-04,天秤座
19,日食,金星,,4月30日的这个新月日食还有一些其他对你有利的方面，因为它落于金牛座，而金星是金牛座和天秤座的守护星,2022-04,天秤座
20,日食,"金星,木星",,结果会是相当令人欣喜的，因为新月日食在金牛座，指向当前的关键行星金星，在这种情况下，金星会与好运的木星手挽手地呆在你的日常工作项目宫,2022-04,天秤座
21,日食,"金星,木星",,结果会是相当令人欣喜的，因为新月日食在金牛座，指向当前的关键行星金星，在这种情况下，金星会与好运的木星手挽手地呆在你的日常工作项目宫,2022-04,天秤座
22,日食,,,我不知道你们每个人的星盘，所以不能保证都有让人满意的结果，但是一般来说，日食会带来新机遇，这次会突然出现,2022-04,天蝎座
23,日食,,,我不知道你们每个人的星盘，所以不能保证都有让人满意的结果，但是一般来说，日食会带来新机遇，这次会突然出现,2022-04,天蝎座
24,日食,,,我不知道你们每个人的星盘，所以不能保证都有让人满意的结果，但是一般来说，日食会带来新机遇，这次会突然出现,2022-04,天蝎座
25,日食,,,我不知道你们每个人的星盘，所以不能保证都有让人满意的结果，但是一般来说，日食会带来新机遇，这次会突然出现,2022-04,天蝎座
26,日食,,,像4月30日这种日食通常会打开一段新章节，此次的主题是你与恋人可能会对订婚或结婚达成一致,2022-04,天蝎座
27,日食,,,对于一直没有感受到幸福的蝎子来说可能决定结束婚姻，但是我觉得此日食环境是积极乐观的，所以这种可能性不大,2022-04,天蝎座
28,日食,"金星,木星",,4月30日日食这一天，金星和好运木星合相，你会由衷地感叹日食为你敞开的真爱之门，用二人能量的凝聚打开了人生下一个阶段,2022-04,天蝎座
29,日食,"金星,木星",,我认为巨蟹接收到的应该是好消息，因为金牛座（4月30日的日食发生在金牛座）的主宰星是金星，届时金星和木星将在双鱼座28°亲密相合,2022-04,巨蟹座
30,日食,,,我说新月日食的影响是积极的还有另一个原因，新月象征着新篇章的开始，并带来新的机会，这本就是令人感到幸福的事,2022-04,巨蟹座
31,日食,,,我说新月日食的影响是积极的还有另一个原因，新月象征着新篇章的开始，并带来新的机会，这本就是令人感到幸福的事,2022-04,巨蟹座
32,日食,,,4月30日将在金牛座10度位置发生新月日食，它落在你那掌管真爱、孩子和创意的第5宫内,2022-04,摩羯座
33,日食,,,4月30日将在金牛座10度位置发生新月日食，它落在你那掌管真爱、孩子和创意的第5宫内,2022-04,摩羯座
34,日食,,,单身摩羯会爱上本次新月日食，因为它对于带来命运般的相遇而言是本年度最重要的一次机会,2022-04,摩羯座
35,日食,,,单身摩羯会爱上本次新月日食，因为它对于带来命运般的相遇而言是本年度最重要的一次机会,2022-04,摩羯座
36,日食,,,同样是这个宫位（第5宫）也是创意之宫，因此若你对本次日食带来的感情可能性不感兴趣，也不想要孩子，那你也许会感受到日食对创意的影响,2022-04,摩羯座
37,日食,,,4月30日会有一次新月日食，发生在金牛座，给你带来很多变化，涉及你的住所或其他类型的不动产及家人,2022-04,水瓶座
38,日食,,,4月30日会有一次新月日食，发生在金牛座，给你带来很多变化，涉及你的住所或其他类型的不动产及家人,2022-04,水瓶座
39,日食,,,现在让我们来看四月，有更大的消息要告诉你们——4月30日发生在金牛座10度的新月日食,2022-04,狮子座
40,日食,,,现在让我们来看四月，有更大的消息要告诉你们——4月30日发生在金牛座10度的新月日食,2022-04,狮子座
41,日食,,,我不能保证你会喜欢这次日食——我看不到你们每个人独特的出生星盘——但我预感你会喜欢的,2022-04,狮子座
42,日食,,,我不能保证你会喜欢这次日食——我看不到你们每个人独特的出生星盘——但我预感你会喜欢的,2022-04,狮子座
43,日食,,,所有的日食都有第二步行动，所以不要太快认定这次日食对你来说是好是坏——日食的完整信息可能需要几天甚至几周才能完全揭示,2022-04,狮子座
44,月食,"金星,天王星",2,金牛座的月食会让金星大显身手，位于你财务宫位的金星会与位于你职业宫的天王星直接对话,2022-04,狮子座
45,月食,,,嗯，从我的建议来说希望白羊座尽快行动起来，你们会在后续的月份里经历多个日月食，5月15日，10月25日，11月8日，而其中仅仅是11月8日的食相，不太讨人喜欢,2022-04,白羊座
46,日食,,,新月总是预示着新的开始，而一个新月日食就好比是4月30号的那个，会比一般的新月有更强的能量,2022-04,白羊座
47,日食,,,新月总是预示着新的开始，而一个新月日食就好比是4月30号的那个，会比一般的新月有更强的能量,2022-04,白羊座
48,日食,,,新月日食发生在4月30日的金牛座，意味着本月的另一个重要时刻，它会带来在收入上的变化,2022-04,白羊座
49,日食,,,新月日食发生在4月30日的金牛座，意味着本月的另一个重要时刻，它会带来在收入上的变化,2022-04,白羊座
50,日食,,,现在让我们转来看看日食，因为它们又回来了，而且因为它们是宇宙用来创造变化的最强大的工具之一，我们需要仔细观察它们,2022-05,双子座
51,日食,"太阳,火星,天王星",,我喜欢火星位于你卓越的事业成功宫，在4月30日的这次日食中它会直接支持到太阳、新月和天王星，暗示这次日食可能会实现一项令你兴奋的正式机会,2022-05,双子座
52,日食,"太阳,火星,天王星",,我喜欢火星位于你卓越的事业成功宫，在4月30日的这次日食中它会直接支持到太阳、新月和天王星，暗示这次日食可能会实现一项令你兴奋的正式机会,2022-05,双子座
53,日食,,,如果有什么事情让你感到焦虑或担心，在5月上半月强烈感受到的这次日食，可能会说服你向职业咨询师寻求帮助，可能是通过网络电话的方式,2022-05,双子座
54,月食,,,这个月的另一次食相，满月月食（这俩总是成对出现）将于5月15或16日落在天蝎座25度，会照亮你代表工作和项目的第六宫,2022-05,双子座
55,月食,,,这个月的另一次食相，满月月食（这俩总是成对出现）将于5月15或16日落在天蝎座25度，会照亮你代表工作和项目的第六宫,2022-05,双子座
56,月食,,,这个月的另一次食相，满月月食（这俩总是成对出现）将于5月15或16日落在天蝎座25度，会照亮你代表工作和项目的第六宫,2022-05,双子座
57,月食,,,这个月的另一次食相，满月月食（这俩总是成对出现）将于5月15或16日落在天蝎座25度，会照亮你代表工作和项目的第六宫,2022-05,双子座
58,月食,"太阳,冥王星",,好的一面是，本月中旬，在5月15日月食时，你会遇到冥王星与太阳有一个良好的角度，这表明你将从正在进行的交易中赚取丰厚的利润,2022-05,双子座
59,月食,"太阳,冥王星",,好的一面是，本月中旬，在5月15日月食时，你会遇到冥王星与太阳有一个良好的角度，这表明你将从正在进行的交易中赚取丰厚的利润,2022-05,双子座
60,月食,"太阳,冥王星",,好的一面是，本月中旬，在5月15日月食时，你会遇到冥王星与太阳有一个良好的角度，这表明你将从正在进行的交易中赚取丰厚的利润,2022-05,双子座
61,日食,,,本月的另一个重要时刻将在本月接近尾声5月30日时到来，新月位于双子座9度（这次不是日食）,2022-05,双子座
62,日食,,,本月的另一个重要时刻将在本月接近尾声5月30日时到来，新月位于双子座9度（这次不是日食）,2022-05,双子座
63,日食,,,5月30日在双子座的新月（不是日食）将是另一个重要时刻，在任何激励到你的领域开始一个闪亮的新篇章,2022-05,双子座
64,日食,,,5月30日在双子座的新月（不是日食）将是另一个重要时刻，在任何激励到你的领域开始一个闪亮的新篇章,2022-05,双子座
65,月食,,,一般正常的年份会有四次月食，个别会有7到8次，不过这样的年份比较难熬——食相需要我们根据变化的环境与条件进行调整,2022-05,双鱼座
66,日食,,,虽然你在看到这份月运的时候，这些行星中有些已经移动了，但重要的是日食发生的时候它们是在一起的，效力已经产生了,2022-05,双鱼座
67,日食,"太阳,天王星",,当天王星与太阳、新月（特别是有日食参与其中）抱团，上述领域都是非常适合涉猎、参与的完美选择,2022-05,双鱼座
68,日食,"太阳,天王星",,当天王星与太阳、新月（特别是有日食参与其中）抱团，上述领域都是非常适合涉猎、参与的完美选择,2022-05,双鱼座
69,日食,"太阳,火星,天王星",,我对此次日食高度评价的原因还有，当时火星与皆在金牛座的新月日食、太阳和天王星相位完美,2022-05,双鱼座
70,日食,"太阳,火星,天王星",,我对此次日食高度评价的原因还有，当时火星与皆在金牛座的新月日食、太阳和天王星相位完美,2022-05,双鱼座
71,日食,月亮,,生于2月28日（前后5天）的以及那些上升落入双鱼座、命盘月亮落入双鱼座10°的人收到此次日食影响最为强烈，也包括命盘中有行星落入双鱼座、巨蟹座、天蝎座、金牛座和处女座、摩羯座5°~10°之间的人,2022-05,双鱼座
72,月食,"火星,冥王星",,行运于双鱼座的火星和行运于摩羯座的冥王星，对天蝎座满月食同样很友好，因为这两颗行星都是天蝎座的守护星,2022-05,双鱼座
73,月食,"火星,冥王星",,行运于双鱼座的火星和行运于摩羯座的冥王星，对天蝎座满月食同样很友好，因为这两颗行星都是天蝎座的守护星,2022-05,双鱼座
74,月食,火星,,如果你心中存疑，等下，火星在10°的时候就跟4月30日的日食成吉相位，怎么跟落入天蝎座25度的月食也同样友好呢,2022-05,双鱼座
75,月食,火星,,如果你心中存疑，等下，火星在10°的时候就跟4月30日的日食成吉相位，怎么跟落入天蝎座25度的月食也同样友好呢,2022-05,双鱼座
76,月食,月亮,,生于3月15日（即前后5天）的双鱼座最能感受到此次月食的能量，包括命盘月亮或上升落入双鱼座25度（包括前后5度）的人,2022-05,双鱼座
77,日食,,,4月30日的新月日食，为你带来新的写作、编辑或演说的任务，也可能是发现自己正在开发、拓展新的广告、营销、宣传或社交媒体等工作,2022-05,双鱼座
78,日食,,,4月30日的新月日食，为你带来新的写作、编辑或演说的任务，也可能是发现自己正在开发、拓展新的广告、营销、宣传或社交媒体等工作,2022-05,双鱼座
79,月食,,,第二次食相，是满月月食，将于5月15/16日落入天蝎座，照亮你掌管出版、广播、国际关系和国际贸易、商品，进出口服务的9宫,2022-05,双鱼座
80,月食,,,第二次食相，是满月月食，将于5月15/16日落入天蝎座，照亮你掌管出版、广播、国际关系和国际贸易、商品，进出口服务的9宫,2022-05,双鱼座
81,日食,,,第一个日食发生在北京时间5月1日，金牛座10°新月日食，点亮你星盘第九宫，这里掌管国际关系、海外旅行、法律事务、出版、传播、数字领域、大学或研究生以上高等教育,2022-05,处女座
82,日食,,,第一个日食发生在北京时间5月1日，金牛座10°新月日食，点亮你星盘第九宫，这里掌管国际关系、海外旅行、法律事务、出版、传播、数字领域、大学或研究生以上高等教育,2022-05,处女座
83,月食,,,遇到日月食，有时会“食走”生活里的人，比如，一个朋友搬走了，结婚了，生小孩了，如果你的生活方式和朋友不同，这类变化会给你们的关系带来大的转变——这都是很自然的，但这样的事情可能让你有点伤感,2022-05,处女座
84,日食,月亮,,日食发生在与处女座同属土象星座的金牛座，你拥有优势，这给你潜力，可以想办法从这时出现的一切中获益，特别是，如果你的生日在9月2日±5日之内，或你上升、月亮在处女座10°±5°之内，另外，如果你星盘有本命星体位于金牛座、处女座、摩羯座、巨蟹座10°±5度之内，也会从这个日食中获益,2022-05,处女座
85,月食,,,然后是北京时间5月16日的天蝎座25°月食，点亮你星盘合约宫，但还是，等到6月再签合同更好,2022-05,处女座
86,月食,天王星,,月食时天王星又很活跃，但天王星离月食有10°的距离，容许度边缘了，普通的月相我用8°容许度，但根据我的经验和研究，日月食要参考10°容许度,2022-05,处女座
87,月食,"太阳,冥王星",,不过，月食也有冥王星助力，冥王星与你星盘第九宫的金牛座太阳呈吉相，可能还是外国人给你巨大的帮助，或帮助来自编辑、出版人、制作人、教育工作者或律师,2022-05,处女座
88,日食,,,5月30日你得到年内最有利于事业进步的新月（这次不是日食），双子座9°新月，在你星盘第十宫荣誉、奖项、成就宫,2022-05,处女座
89,日食,,,5月30日你得到年内最有利于事业进步的新月（这次不是日食），双子座9°新月，在你星盘第十宫荣誉、奖项、成就宫,2022-05,处女座
90,日食,天王星,,掌管突发动态的天王星与北京时间5月1日的金牛座日食相合，可能启程一段长途旅行，或海外客户带来交易完成的消息,2022-05,处女座
91,日食,,8,这次日食出现在你的第八宫，他人钱财宫，掌管诸如抵押贷款、贷款，税收、信用卡账单之类,2022-05,天秤座
92,日食,月亮,,下一个食相将在5月15日或16日到来（食相总是成双成对出现），天蝎座25°的月全食，同时也是超级月亮——离地球非常近，因此会比平时看上去更大,2022-05,天秤座
93,日食,月亮,,下一个食相将在5月15日或16日到来（食相总是成双成对出现），天蝎座25°的月全食，同时也是超级月亮——离地球非常近，因此会比平时看上去更大,2022-05,天秤座
94,日食,月亮,,下一个食相将在5月15日或16日到来（食相总是成双成对出现），天蝎座25°的月全食，同时也是超级月亮——离地球非常近，因此会比平时看上去更大,2022-05,天秤座
95,日食,月亮,,下一个食相将在5月15日或16日到来（食相总是成双成对出现），天蝎座25°的月全食，同时也是超级月亮——离地球非常近，因此会比平时看上去更大,2022-05,天秤座
96,日食,月亮,,下一个食相将在5月15日或16日到来（食相总是成双成对出现），天蝎座25°的月全食，同时也是超级月亮——离地球非常近，因此会比平时看上去更大,2022-05,天秤座
97,月食,"太阳,天王星",,4月30日的第一次日食强调了你的第八宫，5月15日的月食重点也是你的第八宫，因为目前太阳和天王星就在那里,2022-05,天秤座
98,月食,"太阳,天王星",,4月30日的第一次日食强调了你的第八宫，5月15日的月食重点也是你的第八宫，因为目前太阳和天王星就在那里,2022-05,天秤座
99,日食,"金星,木星",,幸运的木星将围绕着金星运行——金星是金牛座的守护星，是本次日食所在的星座，金星也是天秤座的守护星）,2022-05,天秤座
100,日食,"金星,木星",,幸运的木星将围绕着金星运行——金星是金牛座的守护星，是本次日食所在的星座，金星也是天秤座的守护星）,2022-05,天秤座
101,月食,"太阳,天王星",,此新月伴随惊喜，因为天王星代表意想不到的消息，他与太阳和新月食相运行紧密，所以你的婚姻或业务合作会发生变化或意外之喜,2022-05,天蝎座
102,月食,"太阳,天王星",,此新月伴随惊喜，因为天王星代表意想不到的消息，他与太阳和新月食相运行紧密，所以你的婚姻或业务合作会发生变化或意外之喜,2022-05,天蝎座
103,日食,"太阳,火星",,本月可能听起来有点压力，但是好事发生的机会也不少，因为双鱼座的火星与太阳和新月日食呈吉相,2022-05,天蝎座
104,日食,"太阳,火星",,本月可能听起来有点压力，但是好事发生的机会也不少，因为双鱼座的火星与太阳和新月日食呈吉相,2022-05,天蝎座
105,日食,,,如果你是上升天蝎25度，你对此次食相的感受力会比4月30日食相更加明显，可能会经历伙伴关系、工作、家庭方面的变化,2022-05,天蝎座
106,月食,,,食相不会单行，会伴随着新月和满月而来，所以第二个食相就是5月15或16日的天蝎座满月月食,2022-05,天蝎座
107,月食,,,食相不会单行，会伴随着新月和满月而来，所以第二个食相就是5月15或16日的天蝎座满月月食,2022-05,天蝎座
108,月食,,,食相不会单行，会伴随着新月和满月而来，所以第二个食相就是5月15或16日的天蝎座满月月食,2022-05,天蝎座
109,月食,,,食相不会单行，会伴随着新月和满月而来，所以第二个食相就是5月15或16日的天蝎座满月月食,2022-05,天蝎座
110,日食,,,当你认真阅读我对这次日食预测的时候，就会明白只要你足够有耐心，事情就会按照你期待的方式去发展,2022-05,射手座
111,日食,"太阳,火星,天王星",,我认为你能够在这次食相之下比较顺利的原因是因为火星和太阳、新月日食以及天王星之间的相位非常的漂亮,2022-05,射手座
112,日食,"太阳,火星,天王星",,我认为你能够在这次食相之下比较顺利的原因是因为火星和太阳、新月日食以及天王星之间的相位非常的漂亮,2022-05,射手座
113,日食,,,4月30日新月日食发生的宫位同时也掌管着你的健康、你保持健康的方式，以及治疗那些需要引起你注意力的方面,2022-05,射手座
114,日食,,,4月30日新月日食发生的宫位同时也掌管着你的健康、你保持健康的方式，以及治疗那些需要引起你注意力的方面,2022-05,射手座
115,日食,,,如果日食带来的消息是你最喜欢的医生或者咨询师要退休或者搬家了，别绝望——找一份医生名录，在你朋友推荐的人选中挑选两三位见个面聊聊,2022-05,射手座
116,月食,,,现在我们来聊一聊满月月食——这是一次月全食——发生在5月15/16日，天蝎座25度,2022-05,射手座
117,月食,,,现在我们来聊一聊满月月食——这是一次月全食——发生在5月15/16日，天蝎座25度,2022-05,射手座
118,月食,,,现在我们来聊一聊满月月食——这是一次月全食——发生在5月15/16日，天蝎座25度,2022-05,射手座
119,月食,,,我通常对于新月和满月的容许度会设置为8度，但是这次是一次月全食，在我的字典里，所有的食相会有一个10度的影响范围,2022-05,射手座
120,月食,,,我通常对于新月和满月的容许度会设置为8度，但是这次是一次月全食，在我的字典里，所有的食相会有一个10度的影响范围,2022-05,射手座
121,月食,,,我通常对于新月和满月的容许度会设置为8度，但是这次是一次月全食，在我的字典里，所有的食相会有一个10度的影响范围,2022-05,射手座
122,月食,,,我通常对于新月和满月的容许度会设置为8度，但是这次是一次月全食，在我的字典里，所有的食相会有一个10度的影响范围,2022-05,射手座
123,月食,"火星,冥王星",,这次月食发生在天蝎座，然后天蝎座的两个守护星火星和冥王星都在非常有利的位置上，所以他们会一起帮你看到快乐的结果,2022-05,射手座
124,月食,"太阳,木星",,木星会和太阳在5月15日月食发生的时候形成一个困难的角度，所以你可能会因为工作太过努力而反而有点迷茫,2022-05,射手座
125,月食,"太阳,木星",,木星会和太阳在5月15日月食发生的时候形成一个困难的角度，所以你可能会因为工作太过努力而反而有点迷茫,2022-05,射手座
126,日食,,,有很小的概率你需要因为日食而注意一下健康问题，如果真的是这样的话，你将会在5月或者6月的时候采取治疗,2022-05,射手座
127,日食,,,有很小的概率你需要因为日食而注意一下健康问题，如果真的是这样的话，你将会在5月或者6月的时候采取治疗,2022-05,射手座
128,日食,,,有很小的概率你需要因为日食而注意一下健康问题，如果真的是这样的话，你将会在5月或者6月的时候采取治疗,2022-05,射手座
129,日食,,,有很小的概率你需要因为日食而注意一下健康问题，如果真的是这样的话，你将会在5月或者6月的时候采取治疗,2022-05,射手座
130,日食,,7,在这个强调个人生活的华丽的月份里，还有一次发生在5月30日的双子座新月（这次不是日食），在你的第七宫伴侣宫,2022-05,射手座
131,日食,,7,在这个强调个人生活的华丽的月份里，还有一次发生在5月30日的双子座新月（这次不是日食），在你的第七宫伴侣宫,2022-05,射手座
132,日食,"火星,木星",,有很多要谈的——两次日食，加上一次新月，木星的巨大移动，火星移动到一个新的星座，等等,2022-05,巨蟹座
133,日食,,,我们需要观察的第一次日食发生在 4 月 30 日 5 月初的前一天，位于金牛座 10 度，点亮了你的第十一宫友谊宫,2022-05,巨蟹座
134,日食,,,我们需要观察的第一次日食发生在 4 月 30 日 5 月初的前一天，位于金牛座 10 度，点亮了你的第十一宫友谊宫,2022-05,巨蟹座
135,日食,"太阳,天王星",,确实，天王星与太阳和新月的日食形成对抗，但我不确定你会感觉到任何不愉快的、不和谐的影响,2022-05,巨蟹座
136,日食,"太阳,天王星",,确实，天王星与太阳和新月的日食形成对抗，但我不确定你会感觉到任何不愉快的、不和谐的影响,2022-05,巨蟹座
137,日食,"太阳,火星",,在 4 月 30 日日食的同时，你有火星这个活动行星，与太阳和新月形成完美的角度，这很可爱，而且那个轨道是一个紧密而接近的轨道,2022-05,巨蟹座
138,日食,"太阳,火星",,在 4 月 30 日日食的同时，你有火星这个活动行星，与太阳和新月形成完美的角度，这很可爱，而且那个轨道是一个紧密而接近的轨道,2022-05,巨蟹座
139,月食,,,下一次日食——它们总是成对出现——将是 5 月 15 日/16 日在你代表真爱的第五宫天蝎座 25 度的满月月食,2022-05,巨蟹座
140,月食,,,下一次日食——它们总是成对出现——将是 5 月 15 日/16 日在你代表真爱的第五宫天蝎座 25 度的满月月食,2022-05,巨蟹座
141,月食,,,下一次日食——它们总是成对出现——将是 5 月 15 日/16 日在你代表真爱的第五宫天蝎座 25 度的满月月食,2022-05,巨蟹座
142,月食,,,下一次日食——它们总是成对出现——将是 5 月 15 日/16 日在你代表真爱的第五宫天蝎座 25 度的满月月食,2022-05,巨蟹座
143,日食,,,第五宫（对你来说是这次日食的宫位）掌管真爱——一种亲密的浪漫关系——以及你孩子的出生和照顾,2022-05,巨蟹座
144,月食,,,通常对于正常的满月或新月，我会允许 8 度的球体，但日食要强得多，所以我允许 10 度的分离仍然在球体内,2022-05,巨蟹座
145,月食,,,通常对于正常的满月或新月，我会允许 8 度的球体，但日食要强得多，所以我允许 10 度的分离仍然在球体内,2022-05,巨蟹座
146,月食,,,通常对于正常的满月或新月，我会允许 8 度的球体，但日食要强得多，所以我允许 10 度的分离仍然在球体内,2022-05,巨蟹座
147,月食,,,通常对于正常的满月或新月，我会允许 8 度的球体，但日食要强得多，所以我允许 10 度的分离仍然在球体内,2022-05,巨蟹座
148,月食,,,通常对于正常的满月或新月，我会允许 8 度的球体，但日食要强得多，所以我允许 10 度的分离仍然在球体内,2022-05,巨蟹座
149,月食,"太阳,土星",,在这次日食的同时，土星将与太阳和满月形成不利角度，所以你可能会觉得你必须做出一个艰难的选择，或者你觉得现金短缺,2022-05,巨蟹座
150,月食,"太阳,冥王星",,日食的好处在于冥王星将与太阳和满月成完美的角度，这很重要，因为冥王星掌管天蝎座，这是 5 月 15 日满月月食的标志,2022-05,巨蟹座
151,月食,"太阳,冥王星",,日食的好处在于冥王星将与太阳和满月成完美的角度，这很重要，因为冥王星掌管天蝎座，这是 5 月 15 日满月月食的标志,2022-05,巨蟹座
152,月食,"太阳,冥王星",,日食的好处在于冥王星将与太阳和满月成完美的角度，这很重要，因为冥王星掌管天蝎座，这是 5 月 15 日满月月食的标志,2022-05,巨蟹座
153,月食,"太阳,冥王星",,日食的好处在于冥王星将与太阳和满月成完美的角度，这很重要，因为冥王星掌管天蝎座，这是 5 月 15 日满月月食的标志,2022-05,巨蟹座
154,日食,月亮,,如果你的生日在 7 月 16 日后的五天内，或者你是上升巨蟹座或者你的出生月亮在巨蟹座 25 度，正负五度，你会感觉到这次日食,2022-05,巨蟹座
155,日食,,,随着五月接近尾声，我们又迎来了一个新月，即 5 月 30 日的新月，这次是在双子座，10 度（不是日食）,2022-05,巨蟹座
156,日食,,,随着五月接近尾声，我们又迎来了一个新月，即 5 月 30 日的新月，这次是在双子座，10 度（不是日食）,2022-05,巨蟹座
157,日食,,,金牛座的新月日食于上月底 4 月 30 日到来，可能带来了意想不到的开支或其他关于收入来源的突然消息,2022-05,巨蟹座
158,日食,,,金牛座的新月日食于上月底 4 月 30 日到来，可能带来了意想不到的开支或其他关于收入来源的突然消息,2022-05,巨蟹座
159,日食,"金星,木星",,幸运的是，在 4 月 30 日日食的同时，木星与金星对齐，将保护所有涉及你家庭和家庭生活的事务,2022-05,巨蟹座
160,日食,,,我无法看到你星盘中的所有事，但就我能看到的情况来说，我觉得你会非常满意本次日食带来的影响，我会解释一下原因,2022-05,摩羯座
161,日食,,,如果你一直在约会但却不确定你对这个人有多认真，本次日食将帮助你决定什么时候你会发出更多信息,2022-05,摩羯座
162,日食,"金星,木星",,爱之金星和她的朋友——幸运的木星在奢华餐厅里共进晚餐，而那里的客人们报告说他们无意中听到金星和木星在商量该如何帮助你的感情生活，以及一切由第5宫掌管的事务——那里也正是日食发生的地方，所以对你而言是难以置信的喜讯,2022-05,摩羯座
163,月食,,,这依然在影响范围之内，但恰好处于边界位置上（通常我设定满月或新月的影响领域是8度，但日月食的合相或对冲相位我允许它可以间隔10度）,2022-05,摩羯座
164,月食,,,这依然在影响范围之内，但恰好处于边界位置上（通常我设定满月或新月的影响领域是8度，但日月食的合相或对冲相位我允许它可以间隔10度）,2022-05,摩羯座
165,月食,,,这依然在影响范围之内，但恰好处于边界位置上（通常我设定满月或新月的影响领域是8度，但日月食的合相或对冲相位我允许它可以间隔10度）,2022-05,摩羯座
166,月食,,,如果某位朋友在本次月食之际给你带来了消息——极可能以一种间接的方式——那么你会发现它可能难以承受所以你离开了这段关系,2022-05,摩羯座
167,月食,,,如果某位朋友在本次月食之际给你带来了消息——极可能以一种间接的方式——那么你会发现它可能难以承受所以你离开了这段关系,2022-05,摩羯座
168,月食,,,如果某位朋友在本次月食之际给你带来了消息——极可能以一种间接的方式——那么你会发现它可能难以承受所以你离开了这段关系,2022-05,摩羯座
169,月食,,,如果某位朋友在本次月食之际给你带来了消息——极可能以一种间接的方式——那么你会发现它可能难以承受所以你离开了这段关系,2022-05,摩羯座
170,月食,,,我的观点是在日月食之际发生的任何事通常都是重要的，因为日月食带来的消息会有持续几周、数月乃至永久性的影响,2022-05,摩羯座
171,月食,,,5月15日的月食所关联的第11宫，不仅掌管友谊，也包括群体，所以你也许会被选去主持某个俱乐部重要委员会，或成为主席,2022-05,摩羯座
172,月食,"太阳,土星",,在本次月食之际，土星将同太阳相刑，意味着会有阻碍——金钱也许令你忧虑，你可能无法如自己所愿那般花钱，但这是暂时的,2022-05,摩羯座
173,月食,"月亮,火星,天王星",,而现在日食之际，在双鱼座内的火星将触及月亮、满月月食、以及天王星，所以它现在也许会成为一种临界物，指引你应当在哪儿准备好向能帮助你进入到该任务的下一阶段的有影响力之人展示,2022-05,摩羯座
174,月食,"月亮,火星,天王星",,而现在日食之际，在双鱼座内的火星将触及月亮、满月月食、以及天王星，所以它现在也许会成为一种临界物，指引你应当在哪儿准备好向能帮助你进入到该任务的下一阶段的有影响力之人展示,2022-05,摩羯座
175,月食,"月亮,火星,天王星",,而现在日食之际，在双鱼座内的火星将触及月亮、满月月食、以及天王星，所以它现在也许会成为一种临界物，指引你应当在哪儿准备好向能帮助你进入到该任务的下一阶段的有影响力之人展示,2022-05,摩羯座
176,月食,,,与此同时，本月还有两次日月食会在某种程度上影响着你，它们都会出现在你星盘中和社交有关的领域,2022-05,摩羯座
177,日食,,,4月30日的日食及之后几天，也可能会带来意外的怀孕消息——这也许是你期待已久的消息,2022-05,摩羯座
178,月食,,,本月的第二次食相是出现在5月15/16日的天蝎座满月月食，会给你带来一个重大的社交事件,2022-05,摩羯座
179,月食,,,本月的第二次食相是出现在5月15/16日的天蝎座满月月食，会给你带来一个重大的社交事件,2022-05,摩羯座
180,月食,,,本月的第二次食相是出现在5月15/16日的天蝎座满月月食，会给你带来一个重大的社交事件,2022-05,摩羯座
181,月食,,,有时某人会被日月食从你的生活中“食走”，例如，某位朋友会结婚或离开，也可能你们都是单身的话你们会成为朋友，你们其中一位可能会有了孩子，于是突然你们的共同点少了,2022-05,摩羯座
182,日食,"太阳,天王星",,这个食相之所以非同寻常是因为你的主星天王星，外加太阳和这个新月日食都在此地，紧紧相依,2022-05,水瓶座
183,日食,"太阳,天王星",,这个食相之所以非同寻常是因为你的主星天王星，外加太阳和这个新月日食都在此地，紧紧相依,2022-05,水瓶座
184,日食,,2,这两颗行星也分别与钱息息相关，而它们这次正好在你的财帛宫相遇，意味着4月30日的这个新月日食会给你带来一些与金钱相关的意外消息,2022-05,水瓶座
185,日食,,2,这两颗行星也分别与钱息息相关，而它们这次正好在你的财帛宫相遇，意味着4月30日的这个新月日食会给你带来一些与金钱相关的意外消息,2022-05,水瓶座
186,月食,,,“月食”则截然不同，通常比日食更加“情绪化”，就像5月15、16日即将出现的那个满月月食一样，因为“满月”意味着结束、结局，（但）结束也意味着新的开始,2022-05,水瓶座
187,月食,,,“月食”则截然不同，通常比日食更加“情绪化”，就像5月15、16日即将出现的那个满月月食一样，因为“满月”意味着结束、结局，（但）结束也意味着新的开始,2022-05,水瓶座
188,月食,,,“月食”则截然不同，通常比日食更加“情绪化”，就像5月15、16日即将出现的那个满月月食一样，因为“满月”意味着结束、结局，（但）结束也意味着新的开始,2022-05,水瓶座
189,月食,,,“月食”则截然不同，通常比日食更加“情绪化”，就像5月15、16日即将出现的那个满月月食一样，因为“满月”意味着结束、结局，（但）结束也意味着新的开始,2022-05,水瓶座
190,月食,,,食相总是结伴而来，第二个食相将出现在5月15日，这是一个发生在天蝎座25度位置的满月月食，点亮了水瓶座的第十宫，即掌管事业的宫位,2022-05,水瓶座
191,月食,,,食相总是结伴而来，第二个食相将出现在5月15日，这是一个发生在天蝎座25度位置的满月月食，点亮了水瓶座的第十宫，即掌管事业的宫位,2022-05,水瓶座
192,日食,,,这将是一个重要的变化月，因为两个日食即将到来，它们穿过你星盘的顶部和底部，在你的事业和家庭生活中引起转变,2022-05,狮子座
193,日食,,,第一次日食，4月30日，从技术上讲，出现在5月开始的前一天，是金牛座10度的新月日蚀,2022-05,狮子座
194,月食,,,它是天蝎座25度的满月月食，将在5月15/16日（正负一周）突出你的家庭和家族领域,2022-05,狮子座
195,月食,,,它是天蝎座25度的满月月食，将在5月15/16日（正负一周）突出你的家庭和家族领域,2022-05,狮子座
196,日食,,,就日食而言，如果你出生于8月16日，你在狮子座24度，而日食将在天蝎座25度，所以你可能会感觉到它,2022-05,狮子座
197,日食,,,导致这一令人愉快的事件转变的原因是金牛座的新月日食，发生在4月30日，将在5月上旬上演,2022-05,狮子座
198,日食,,,导致这一令人愉快的事件转变的原因是金牛座的新月日食，发生在4月30日，将在5月上旬上演,2022-05,狮子座
199,月食,,,5月15/16日的满月--也是一次月蚀，虽然这次是月食--将落在天蝎座，把你的注意力吸引到家庭的某个成员或你的实际住所,2022-05,狮子座
200,月食,,,5月15/16日的满月--也是一次月蚀，虽然这次是月食--将落在天蝎座，把你的注意力吸引到家庭的某个成员或你的实际住所,2022-05,狮子座
201,月食,"太阳,火星,冥王星",,幸运的是，冥王星和火星都将漂亮地指向太阳和满月食，所以与家庭或家庭有关的事情应该有一个令人愉快的结局,2022-05,狮子座
202,月食,"太阳,火星,冥王星",,幸运的是，冥王星和火星都将漂亮地指向太阳和满月食，所以与家庭或家庭有关的事情应该有一个令人愉快的结局,2022-05,狮子座
203,月食,"太阳,火星,冥王星",,幸运的是，冥王星和火星都将漂亮地指向太阳和满月食，所以与家庭或家庭有关的事情应该有一个令人愉快的结局,2022-05,狮子座
204,月食,"太阳,火星,天王星",,我对白羊座的前景很乐观，因为太阳、新月月食和金牛座的天王星，都和在双鱼座的火星相位和谐，这一点很重要——作为白羊座，火星是你们的主宰星，所以火星会保护你,2022-05,白羊座
205,月食,"太阳,火星,天王星",,我对白羊座的前景很乐观，因为太阳、新月月食和金牛座的天王星，都和在双鱼座的火星相位和谐，这一点很重要——作为白羊座，火星是你们的主宰星，所以火星会保护你,2022-05,白羊座
206,月食,"太阳,火星,天王星",,我对白羊座的前景很乐观，因为太阳、新月月食和金牛座的天王星，都和在双鱼座的火星相位和谐，这一点很重要——作为白羊座，火星是你们的主宰星，所以火星会保护你,2022-05,白羊座
207,日食,,,上个月的4月30日的日食可能带来了一个惊人的消息，让白羊有机会在薪水支票以外赚更多的钱,2022-05,白羊座
208,日食,,,如果你的上升落在金牛座10°（及前后5°范围内），或者出生盘中有行星落在金牛座、处女座、摩羯座、巨蟹座、天蝎座、双鱼座5°-15度范围内，那么你会很直接地感受到这次日食的影响,2022-05,金牛座
209,日食,,,这次日食出现在金牛座，因此你会慢慢开始用不同的眼光看待自己，用新的、更准确的眼光看待自己,2022-05,金牛座
210,日食,火星,,4月30日食相期间，火星出现在代表友情的第十一宫，他和第一宫的群星形成了和谐的相位,2022-05,金牛座
211,日食,火星,,4月30日食相期间，火星出现在代表友情的第十一宫，他和第一宫的群星形成了和谐的相位,2022-05,金牛座
212,日食,,,这次日食伴随新月而来，打开了能量的大门，通常会带来令人兴奋的、意想不到的机会，足以让你绽放笑容,2022-05,金牛座
213,日食,,,1992年6月30日是日食，当时我还在当商务摄影师的经纪人（我对占星的爱还是秘密），以佣金为生,2022-06,天蝎座
214,日食,,,1992年6月30日是日食，当时我还在当商务摄影师的经纪人（我对占星的爱还是秘密），以佣金为生,2022-06,天蝎座
215,日食,,,如果这次第八宫的新月与做手术有关，那么不会像我那么复杂，我的同时发生在日食，这次不是，所以你的可能会更快更容易,2022-06,天蝎座
216,日食,,,如果这次第八宫的新月与做手术有关，那么不会像我那么复杂，我的同时发生在日食，这次不是，所以你的可能会更快更容易,2022-06,天蝎座
217,日食,,,如果你的生日位于10月23日前后5日，你可能正在处理某些财务变动，源头来自于4月30日食相产生的某些与金钱相关的消息,2022-06,天蝎座
218,月食,,,你刚经历了两次食相，这两次食相都和金牛座有关——4月30日的金牛座日食和5月15日的天蝎座月食（对一段亲密关系造成了影响）,2022-06,金牛座
219,月食,,,你刚经历了两次食相，这两次食相都和金牛座有关——4月30日的金牛座日食和5月15日的天蝎座月食（对一段亲密关系造成了影响）,2022-06,金牛座
220,日食,,,我认为股市可能会在10月底和11月初的日食时间摇摆不定（从你的经纪人那边征求些建议），所以把市场可能的波动看作其中一个原因，你可能会感觉到客户在做决定时的犹豫,2022-07,双子座
221,月食,,,我们仿佛正在进入动荡的水域，供应链问题将增加（早点打电话催订单），且金融市场在10月底和11月初会因为日月食而产生波动,2022-08,摩羯座
222,日食,火星,,你需要远离10月30日火星开始逆行的日子发动，也避开10月25日的日食，因为那会儿有很多干扰的消息出现（哪怕是好消息）,2022-09,处女座
223,日食,火星,,你需要远离10月30日火星开始逆行的日子发动，也避开10月25日的日食，因为那会儿有很多干扰的消息出现（哪怕是好消息）,2022-09,处女座
224,月食,,,股票市场会在10月25日（天蝎座新月日食）和11月8日（金牛座满月月食）前后表现疯狂,2022-09,摩羯座
225,月食,,,股票市场会在10月25日（天蝎座新月日食）和11月8日（金牛座满月月食）前后表现疯狂,2022-09,摩羯座
226,月食,,,股票市场会在10月25日（天蝎座新月日食）和11月8日（金牛座满月月食）前后表现疯狂,2022-09,摩羯座
227,月食,,,股票市场会在10月25日（天蝎座新月日食）和11月8日（金牛座满月月食）前后表现疯狂,2022-09,摩羯座
228,月食,,,股票市场会在10月25日（天蝎座新月日食）和11月8日（金牛座满月月食）前后表现疯狂,2022-09,摩羯座
229,日食,,,如果你真的雇了某个人，最有可能发生在10月25日的天蝎座新月日食之后，因为它会在你工作的环境中打开一条新通道,2022-10,双子座
230,日食,,,如果你真的雇了某个人，最有可能发生在10月25日的天蝎座新月日食之后，因为它会在你工作的环境中打开一条新通道,2022-10,双子座
231,日食,,,现在我们来到本月的日食，10月25日落在天蝎座2度的日食，也是落在你代表工作与项目的第六宫,2022-10,双子座
232,月食,,,这次食相将比下个月的食相温和，下个月的是指11月8日发生在金牛座16度的满月月食（所有食相都是成对出现的）,2022-10,双子座
233,月食,,,这次食相将比下个月的食相温和，下个月的是指11月8日发生在金牛座16度的满月月食（所有食相都是成对出现的）,2022-10,双子座
234,月食,,,这次食相将比下个月的食相温和，下个月的是指11月8日发生在金牛座16度的满月月食（所有食相都是成对出现的）,2022-10,双子座
235,月食,,,这次食相将比下个月的食相温和，下个月的是指11月8日发生在金牛座16度的满月月食（所有食相都是成对出现的）,2022-10,双子座
236,月食,,,这次食相将比下个月的食相温和，下个月的是指11月8日发生在金牛座16度的满月月食（所有食相都是成对出现的）,2022-10,双子座
237,日食,,,这次日食还有另一种作用方式——你可能会失去你团队中的一名员工，一位你现在很依赖但他正在考虑离开的人,2022-10,双子座
238,日食,,,这次日食还有另一种作用方式——你可能会失去你团队中的一名员工，一位你现在很依赖但他正在考虑离开的人,2022-10,双子座
239,日食,"天王星,冥王星",,巧合的是，在这次日食中，天王星将非常接近，从你代表幕后的宫位向冥王星发出华丽的光束，所以似乎有人会代表你而工作，为你争取资金（或新工作的大笔费用）,2022-10,双子座
240,日食,,,这次日食可能会带来某个健康上的问题，我对提出这个问题犹豫不决，因为只有少数人会以这种方式感受到这次日食,2022-10,双子座
241,日食,,,10月份将发生两次蝎—牛轴食相中的第一次，即10月25日的天蝎座新月日食，将开启与异国公司或个人的新联系,2022-10,双鱼座
242,日食,,,10月份将发生两次蝎—牛轴食相中的第一次，即10月25日的天蝎座新月日食，将开启与异国公司或个人的新联系,2022-10,双鱼座
243,日食,,,和许多食相一样，此次日食的效力是混合的，因为日食落入的天蝎座是和双鱼座一样，都是水象星座，所以天蝎座日食也有积极的一面，应该会带来新的好机会,2022-10,双鱼座
244,日食,,,这次新月日食对你的影响似乎是积极的，因此，如果律师肯定了这份合同对你是利好的，那就继续推进,2022-10,处女座
245,日食,,,这次新月日食对你的影响似乎是积极的，因此，如果律师肯定了这份合同对你是利好的，那就继续推进,2022-10,处女座
246,月食,,,每年我们都会经历4次食相，每次食相都是成双结对而来，因为一个新月日食总有一个满月月食与之相配，每次都会发生在某个对应轴线的星座里,2022-10,处女座
247,月食,,,每年我们都会经历4次食相，每次食相都是成双结对而来，因为一个新月日食总有一个满月月食与之相配，每次都会发生在某个对应轴线的星座里,2022-10,处女座
248,月食,,,每年我们都会经历4次食相，每次食相都是成双结对而来，因为一个新月日食总有一个满月月食与之相配，每次都会发生在某个对应轴线的星座里,2022-10,处女座
249,月食,,,每年我们都会经历4次食相，每次食相都是成双结对而来，因为一个新月日食总有一个满月月食与之相配，每次都会发生在某个对应轴线的星座里,2022-10,处女座
250,月食,,,每年我们都会经历4次食相，每次食相都是成双结对而来，因为一个新月日食总有一个满月月食与之相配，每次都会发生在某个对应轴线的星座里,2022-10,处女座
251,日食,,,前一个食相就是10月25日发生在天蝎座2度位置的新月日食，点亮了处女座的第三宫，即掌管合同文书的宫位,2022-10,处女座
252,日食,,,前一个食相就是10月25日发生在天蝎座2度位置的新月日食，点亮了处女座的第三宫，即掌管合同文书的宫位,2022-10,处女座
253,日食,火星,,以下是你会在10月25日的新月日食很顺利的原因：火星将完美指向这次新月日食，所以暗示着你的新客户可能会是一家总部在国外的公司——尽管你可能会忘记这一事实，因为那边的人长得和你差不多,2022-10,天秤座
254,日食,火星,,以下是你会在10月25日的新月日食很顺利的原因：火星将完美指向这次新月日食，所以暗示着你的新客户可能会是一家总部在国外的公司——尽管你可能会忘记这一事实，因为那边的人长得和你差不多,2022-10,天秤座
255,日食,,,我希望第一个食相——本月的新月日食，会为你带来大量资金，不管是更高的薪资还是利润丰厚的新客户,2022-10,天秤座
256,日食,,,我希望第一个食相——本月的新月日食，会为你带来大量资金，不管是更高的薪资还是利润丰厚的新客户,2022-10,天秤座
257,日食,,,今年4月30日的日食位于金牛座10度、5月15日的食相位于天蝎座25度，后者对生日在11月17日的天蝎座产生了影响,2022-10,天蝎座
258,月食,,,食相通常成对出现，一个是10月25日位于天蝎座2度的新月日食，一个是11月8日金牛座的满月月食,2022-10,天蝎座
259,月食,,,食相通常成对出现，一个是10月25日位于天蝎座2度的新月日食，一个是11月8日金牛座的满月月食,2022-10,天蝎座
260,月食,,,食相通常成对出现，一个是10月25日位于天蝎座2度的新月日食，一个是11月8日金牛座的满月月食,2022-10,天蝎座
261,月食,,,食相通常成对出现，一个是10月25日位于天蝎座2度的新月日食，一个是11月8日金牛座的满月月食,2022-10,天蝎座
262,月食,,,食相通常成对出现，一个是10月25日位于天蝎座2度的新月日食，一个是11月8日金牛座的满月月食,2022-10,天蝎座
263,日食,,,（如果你对自己说:“ 我肯定不会遇见什么人的，这太疯狂了，我要等到新月日食的时候才会遇见新人,2022-10,射手座
264,日食,,,（如果你对自己说:“ 我肯定不会遇见什么人的，这太疯狂了，我要等到新月日食的时候才会遇见新人,2022-10,射手座
265,日食,,,（如果你对自己说:“ 我肯定不会遇见什么人的，这太疯狂了，我要等到新月日食的时候才会遇见新人,2022-10,射手座
266,日食,,,记住日食只会呈现你生活中的薄弱环节——如果你没有薄弱的环节，那么上面提到的这些就都不会发生，所以这里还有第二种解读,2022-10,射手座
267,日食,,,如果你正打算写一本书，一篇论文，一篇研究报告，或者是特别的新闻稿，那么争取在10月25日日食之前就把事情都安排好,2022-10,射手座
268,日食,,,作为10月25日的日食的结果，可能你认识的某个人正生活在养老院里，这是众多的可能性之一，去拜访一下吧,2022-10,射手座
269,日食,,,如果你一直在推迟一个手术，那么因为10月25日天蝎座2度的新月日食的发生，你可能会觉得还是尽早做了比较好，所以跟你的医生预约一下吧,2022-10,射手座
270,日食,,,如果你一直在推迟一个手术，那么因为10月25日天蝎座2度的新月日食的发生，你可能会觉得还是尽早做了比较好，所以跟你的医生预约一下吧,2022-10,射手座
271,日食,天王星,,天王星，这颗所有的事情都会出人意料的星星会表现的像个野孩子，所以11月8日食相带来的消息会是震惊的,2022-10,射手座
272,日食,,6,11月8日的日食会点亮你的第六宫同事和工作宫，同时也会影响到你工作所用的电脑，设备和一些其他的小东西,2022-10,射手座
273,日食,,,如果巨蟹愿意留下来，这次日食会要求巨蟹去寻找提升感情的方法，可以寻求感情咨询师的帮助,2022-10,巨蟹座
274,日食,,,有时日食可能会把一个人从你的生活中淘汰掉，原因可能是他/她将搬到遥远的城市生活，如此日常接触必然会减少，或者因为你只是单纯和对方闹掰了，不想看到他/她，也不想与其说话,2022-10,巨蟹座
275,月食,,,我觉得股票市场也会比过去更震荡——留意10月25日的那周，那时我们将面临一次日食，尤其是接下来11月8日那次不和谐的月食,2022-10,摩羯座
276,月食,,,我觉得股票市场也会比过去更震荡——留意10月25日的那周，那时我们将面临一次日食，尤其是接下来11月8日那次不和谐的月食,2022-10,摩羯座
277,日食,,10,你也因此有机会为自己创造一种全新的生活方式，因为这个天蝎座新月日食正好发生在水瓶座的事业宫（你可能会因为新工作而改变现有生活方式）,2022-10,水瓶座
278,日食,,10,你也因此有机会为自己创造一种全新的生活方式，因为这个天蝎座新月日食正好发生在水瓶座的事业宫（你可能会因为新工作而改变现有生活方式）,2022-10,水瓶座
279,日食,,4,10月25日的日食将落在你的家庭宫，所以你可能会听到消息需要突然搬家，或家人需要你立刻帮助他们，或为他们提供一些建议,2022-10,狮子座
280,日食,,,为了实现这一目标，宇宙会带来第一波，10月25日新月日食，发生在天蝎座2°，可能会有一个财务机会,2022-10,白羊座
281,日食,,,为了实现这一目标，宇宙会带来第一波，10月25日新月日食，发生在天蝎座2°，可能会有一个财务机会,2022-10,白羊座
282,日食,,,不过，在投资方面要谨慎，因为下个月11月8日的月全食将带来剧烈的财务震荡，可能在10月的最后一周就能看到这方面的线索,2022-10,白羊座
283,日食,木星,,尽管11月8日的月全食可能会给所有星座带来意想不到的消息，但你会一直处于木星的监控之下，如果被厄运撞到一边，也会很快翻身——如果不是马上，那也就在几周内的事,2022-10,白羊座
284,月食,,,之所以我会说11月8日的月食不好，是因为它会带来一些意料之外的情况，这一切必将让你们措手不及,2022-10,白羊座
285,日食,,,这是一个新月日食，所以很有可能会带来一些好消息，因为通常新月都代表开启一个新的路径,2022-10,白羊座
286,日食,,,这是一个新月日食，所以很有可能会带来一些好消息，因为通常新月都代表开启一个新的路径,2022-10,白羊座
287,日食,,,9月24日-25日，在10月25日的日食发生之前，证券市场已经有大跌，所以有可能这就是我们已经经历了所有的一切影响，但也不排除还有更多在等待着我们，静待其变吧,2022-10,白羊座
288,日食,,,9月24日-25日，在10月25日的日食发生之前，证券市场已经有大跌，所以有可能这就是我们已经经历了所有的一切影响，但也不排除还有更多在等待着我们，静待其变吧,2022-10,白羊座
289,日食,,,10月25日新月日食出现在你的对宫星座天蝎座，因此，这次食相确实表明你可能会看到一段亲密关系或者商业合作出现的新可能,2022-10,金牛座
290,日食,,,10月25日新月日食出现在你的对宫星座天蝎座，因此，这次食相确实表明你可能会看到一段亲密关系或者商业合作出现的新可能,2022-10,金牛座
291,日食,,,如果你对可能与日食有关的情况感到紧张，你可能会觉得双手都插在插座里无法动弹，但这都是暂时的,2022-11,双子座
292,日食,,,11月8日，难捱的月全食落入双子座命盘中最私密、隐蔽的宫位，所以某人的秘密或意图很可能突然曝光，就像地下间歇泉忽然猛烈喷射出来一样，毫无征兆,2022-11,双子座
293,日食,,,11月8日，难捱的月全食落入双子座命盘中最私密、隐蔽的宫位，所以某人的秘密或意图很可能突然曝光，就像地下间歇泉忽然猛烈喷射出来一样，毫无征兆,2022-11,双子座
294,日食,,,11月8日，难捱的月全食落入双子座命盘中最私密、隐蔽的宫位，所以某人的秘密或意图很可能突然曝光，就像地下间歇泉忽然猛烈喷射出来一样，毫无征兆,2022-11,双子座
295,日食,,,11月8日，难捱的月全食落入双子座命盘中最私密、隐蔽的宫位，所以某人的秘密或意图很可能突然曝光，就像地下间歇泉忽然猛烈喷射出来一样，毫无征兆,2022-11,双子座
296,月食,,,现在，我们即将迎来11月8日的满月月食——这是一次月全食（不是月偏食）——落在金牛座16°,2022-11,双鱼座
297,月食,,,现在，我们即将迎来11月8日的满月月食——这是一次月全食（不是月偏食）——落在金牛座16°,2022-11,双鱼座
298,月食,,,现在，我们即将迎来11月8日的满月月食——这是一次月全食（不是月偏食）——落在金牛座16°,2022-11,双鱼座
299,月食,,,现在，我们即将迎来11月8日的满月月食——这是一次月全食（不是月偏食）——落在金牛座16°,2022-11,双鱼座
300,月食,,,现在，我们即将迎来11月8日的满月月食——这是一次月全食（不是月偏食）——落在金牛座16°,2022-11,双鱼座
301,日食,,,天蝎座（上个月新月日食的落点）和金牛座都是与金钱相关的，所以钱是争论的一部分原因，看起来你们出现了分歧,2022-11,双鱼座
302,日食,,,天蝎座（上个月新月日食的落点）和金牛座都是与金钱相关的，所以钱是争论的一部分原因，看起来你们出现了分歧,2022-11,双鱼座
303,月食,,,唯一值得庆幸的一点是，月食落入的金牛座与双鱼座交好，所以尘埃落定之后，你将能够在工作中做出对自己有利的改变,2022-11,双鱼座
304,日食,,,虽然11月8日艰难的月全食在前，但23日的射手座新月将开启一条新路，如果你已经准备好承担更大的责任，新月后，盼望晋升或找新工作的双鱼座，如愿概率很高,2022-11,双鱼座
305,月食,,,每十九年，日月食精确重复星座和度数，你能否想起2003年11月9日前后发生的重要事件,2022-11,处女座
306,月食,"太阳,土星",,同时，土星在水瓶座18°，是月食的中点，太阳在天蝎座17°对冲金牛座17°的满月构成月食，土星与它们构成T三角格局，T三角顶点在占星上被称为中点，可以同时给两端施压——太阳和满月,2022-11,处女座
307,月食,"太阳,土星",,同时，土星在水瓶座18°，是月食的中点，太阳在天蝎座17°对冲金牛座17°的满月构成月食，土星与它们构成T三角格局，T三角顶点在占星上被称为中点，可以同时给两端施压——太阳和满月,2022-11,处女座
308,月食,"太阳,土星",,同时，土星在水瓶座18°，是月食的中点，太阳在天蝎座17°对冲金牛座17°的满月构成月食，土星与它们构成T三角格局，T三角顶点在占星上被称为中点，可以同时给两端施压——太阳和满月,2022-11,处女座
309,月食,"太阳,月亮",,一系列的日月食中，你们不会对每一个都感受强烈，往往是与本命星盘密切互动的某个度数才会有强烈的感觉，比如日月食触动了你星盘太阳、月亮、本命星体、上升、中天点位,2022-11,处女座
310,月食,月亮,,11月8日的月食对很多人来说都不好过，但如果你的生日在9月9日±4日之内，或你是月亮、上升处女座16°±4°之内，会找到办法从中获益,2022-11,处女座
311,月食,,,11月8日疯狂又困难的月食即将到来，横跨你星盘两个出行宫，所以11月上半月不适合出门，尤其不适合去远方,2022-11,处女座
312,月食,,,如果11月8日的月食前后，不是出行或海外关系事务引发你的关注，其他可能强调的领域是：你的大学生/研究生身份、法律事务动态、媒体传播项目、以你为主角或你撰写的书籍出版，但无论什么事，看似都是你想不到的事,2022-11,处女座
313,日食,,,10月25日有一个新月日食发生在天蝎座2°，可能激励你去找一份新工作，或者你是自由职业者的话会有另一个客户来提振你的收入,2022-11,天秤座
314,日食,,,10月25日有一个新月日食发生在天蝎座2°，可能激励你去找一份新工作，或者你是自由职业者的话会有另一个客户来提振你的收入,2022-11,天秤座
315,月食,"太阳,水星,金星,土星,天王星",,土星在中间——想象一下跷跷板的样子——土星作为支点，将同等的压力施加到在天蝎座的太阳、金星和水星，同时还有在金牛座的满月月食和天王星,2022-11,天秤座
316,月食,"太阳,水星,金星,土星,天王星",,土星在中间——想象一下跷跷板的样子——土星作为支点，将同等的压力施加到在天蝎座的太阳、金星和水星，同时还有在金牛座的满月月食和天王星,2022-11,天秤座
317,月食,天王星,,天王星的任务是要找到一个薄弱的环节来向你展示，月食通常会为了努力曝光真相而使以前未知的信息浮出水面,2022-11,天秤座
318,月食,木星,,新月（非月食）发生在11月23日，同一天，掌管礼物与好运的木星将在他守护的射手座恢复顺行,2022-11,天秤座
319,月食,木星,,新月（非月食）发生在11月23日，同一天，掌管礼物与好运的木星将在他守护的射手座恢复顺行,2022-11,天秤座
320,月食,天王星,,本月的开头对你来说并不容易，金牛座的满月月食由于和天王星紧密相合，将表现得不可预测,2022-11,天秤座
321,月食,天王星,,本月的开头对你来说并不容易，金牛座的满月月食由于和天王星紧密相合，将表现得不可预测,2022-11,天秤座
322,月食,,,这个月食可能会带来纳税、学生贷款、银行贷款的需求，或其他你想象不到或无法预见的义务,2022-11,天秤座
323,月食,木星,,在月食发生的同时，好运的木星将发出一道光束来保护你从工作中收获的薪资、总体收入和赚钱能力,2022-11,天秤座
324,月食,,,在11月23日的射手座新月（非月食）之前事情会有所改善，这将让你有机会在这次新月之后利用一个周末或适当的短途旅行去到一个遥远的地方去享受个人的休闲,2022-11,天秤座
325,月食,,,在11月23日的射手座新月（非月食）之前事情会有所改善，这将让你有机会在这次新月之后利用一个周末或适当的短途旅行去到一个遥远的地方去享受个人的休闲,2022-11,天秤座
326,日食,,,10月25日是天蝎座2度的新月日食，给你展现了新的机遇，特别是生日在10月25日前后5日的人,2022-11,天蝎座
327,日食,,,10月25日是天蝎座2度的新月日食，给你展现了新的机遇，特别是生日在10月25日前后5日的人,2022-11,天蝎座
328,月食,,,11月8日的食相位于金牛座16度，是一个艰难的满月月食，通常会比新月给人带来更大的情绪波动,2022-11,天蝎座
329,月食,,,11月8日的食相位于金牛座16度，是一个艰难的满月月食，通常会比新月给人带来更大的情绪波动,2022-11,天蝎座
330,月食,,,11月8日的食相位于金牛座16度，是一个艰难的满月月食，通常会比新月给人带来更大的情绪波动,2022-11,天蝎座
331,月食,,,11月8日的食相位于金牛座16度，是一个艰难的满月月食，通常会比新月给人带来更大的情绪波动,2022-11,天蝎座
332,月食,,,10月9日满月前后五日，你可能就已经接收到此次食相的讯号，也就是11月8日食相的一个月前,2022-11,天蝎座
333,月食,,,10月9日满月前后五日，你可能就已经接收到此次食相的讯号，也就是11月8日食相的一个月前,2022-11,天蝎座
334,月食,,,10月9日满月前后五日，你可能就已经接收到此次食相的讯号，也就是11月8日食相的一个月前,2022-11,天蝎座
335,日食,"火星,土星",4,11月8日食相发生时，火星与位于家庭宫的土星相位良好，所以如果你接收到有关租住买卖或有关家人的消息，你有足够的经济能力去解决问题,2022-11,天蝎座
336,月食,,,第十二宫，就是上个月食相落入你星盘中的部分，同时也掌管着秘密，所以你可能会很惊讶的听说某个人小心翼翼隐藏着的秘密被公布于众，或者是有关你自己的秘密被披露了出来,2022-11,射手座
337,月食,,,这个月的食相会发生在11月8日，是一次伴随着满月的月全食，将会是一次比较有挑战的食相,2022-11,射手座
338,月食,,,这个月的食相会发生在11月8日，是一次伴随着满月的月全食，将会是一次比较有挑战的食相,2022-11,射手座
339,月食,,,这个月的食相会发生在11月8日，是一次伴随着满月的月全食，将会是一次比较有挑战的食相,2022-11,射手座
340,月食,,,这个月的食相会发生在11月8日，是一次伴随着满月的月全食，将会是一次比较有挑战的食相,2022-11,射手座
341,月食,,,这次的月食把其他的星星也拉入到了一起讨论，影响着你在朋友，同事，以及工作圈子中的声誉,2022-11,射手座
342,月食,,,这次的月食把其他的星星也拉入到了一起讨论，影响着你在朋友，同事，以及工作圈子中的声誉,2022-11,射手座
343,月食,土星,,土星也会在这次月食中扮演核心的角色，他会让你尊重现实实事求是，这样你才能够找到务实的解决方案,2022-11,射手座
344,月食,,,在月食之前请IT部门帮你检查一下电脑，确保所有的硬件软件都是最新的，并且你的防护软件也是最新的,2022-11,射手座
345,月食,,,满月的月全食会给即将完成的工作带来不确定性，或者是你很依赖的某个女性团队成员可能会有变动,2022-11,射手座
346,月食,,,满月的月全食会给即将完成的工作带来不确定性，或者是你很依赖的某个女性团队成员可能会有变动,2022-11,射手座
347,月食,,,满月的月全食会给即将完成的工作带来不确定性，或者是你很依赖的某个女性团队成员可能会有变动,2022-11,射手座
348,月食,,,今年早些时候，我们还经历了另外两次食相——4月30日的金牛座新月日食和5月15日的天蝎座满月月食,2022-11,巨蟹座
349,月食,,,今年早些时候，我们还经历了另外两次食相——4月30日的金牛座新月日食和5月15日的天蝎座满月月食,2022-11,巨蟹座
350,月食,,,今年早些时候，我们还经历了另外两次食相——4月30日的金牛座新月日食和5月15日的天蝎座满月月食,2022-11,巨蟹座
351,月食,,,今年早些时候，我们还经历了另外两次食相——4月30日的金牛座新月日食和5月15日的天蝎座满月月食,2022-11,巨蟹座
352,月食,,,今年早些时候，我们还经历了另外两次食相——4月30日的金牛座新月日食和5月15日的天蝎座满月月食,2022-11,巨蟹座
353,日食,,,在很多层面来看，日食都是一种清洁工具，因为日食会寻找薄弱的环节，以及在幕后被掩藏的事情，但如果原本对这些并不知情，可能会伤害到你,2022-11,巨蟹座
354,日食,,,在很多层面来看，日食都是一种清洁工具，因为日食会寻找薄弱的环节，以及在幕后被掩藏的事情，但如果原本对这些并不知情，可能会伤害到你,2022-11,巨蟹座
355,日食,,,在很多层面来看，日食都是一种清洁工具，因为日食会寻找薄弱的环节，以及在幕后被掩藏的事情，但如果原本对这些并不知情，可能会伤害到你,2022-11,巨蟹座
356,日食,,,另外，上个月的新月日食可能会让巨蟹特别关注某个孩子，或提出关于生孩子的讨论/得知怀孕的消息,2022-11,巨蟹座
357,日食,,,另外，上个月的新月日食可能会让巨蟹特别关注某个孩子，或提出关于生孩子的讨论/得知怀孕的消息,2022-11,巨蟹座
358,日食,,,日食通常是积极的（尤其对6月18日-28出生的巨蟹，或上升星座是巨蟹座0-4°的朋友来说）,2022-11,巨蟹座
359,月食,,,第二次月食将发生在11月8日金牛座16°，本次满月月食是更加艰难的经历，因为它会让人更情绪化，而我们无法看到任何预兆,2022-11,巨蟹座
360,月食,,,第二次月食将发生在11月8日金牛座16°，本次满月月食是更加艰难的经历，因为它会让人更情绪化，而我们无法看到任何预兆,2022-11,巨蟹座
361,月食,,,第二次月食将发生在11月8日金牛座16°，本次满月月食是更加艰难的经历，因为它会让人更情绪化，而我们无法看到任何预兆,2022-11,巨蟹座
362,月食,,,第二次月食将发生在11月8日金牛座16°，本次满月月食是更加艰难的经历，因为它会让人更情绪化，而我们无法看到任何预兆,2022-11,巨蟹座
363,月食,,,本次月食是分相月食，这很可能意味着巨蟹要与所在社区的朋友或同事分别，也可能会产生裂痕,2022-11,巨蟹座
364,月食,,,本次月食是分相月食，这很可能意味着巨蟹要与所在社区的朋友或同事分别，也可能会产生裂痕,2022-11,巨蟹座
365,月食,,,本次月食是分相月食，这很可能意味着巨蟹要与所在社区的朋友或同事分别，也可能会产生裂痕,2022-11,巨蟹座
366,月食,,,本次月食是分相月食，这很可能意味着巨蟹要与所在社区的朋友或同事分别，也可能会产生裂痕,2022-11,巨蟹座
367,月食,,,本次月食也会带来经济上的不稳定，这可能意味着巨蟹不得不花钱确保儿子/女儿被妥善保护着，也许要参加特殊的课程，当然也有其他可能性,2022-11,巨蟹座
368,月食,,,如果命盘中有行星落在天蝎座/双鱼座/处女座/摩羯座12°-20°，本次月食你将会受益,2022-11,巨蟹座
369,月食,,,你可能已经收到了月食的信号，因为10%的巨蟹会在10月9日满月后的4天内碰到某意外事件,2022-11,巨蟹座
370,月食,,,你可能已经收到了月食的信号，因为10%的巨蟹会在10月9日满月后的4天内碰到某意外事件,2022-11,巨蟹座
371,月食,,,你可能已经收到了月食的信号，因为10%的巨蟹会在10月9日满月后的4天内碰到某意外事件,2022-11,巨蟹座
372,月食,"火星,土星",,11月8日的月全食（满月）和11月23日的新月（非食相），火星将与土星形成和谐的角度，土星是稳定且长情的行星，这表明巨蟹正走在康庄大道上,2022-11,巨蟹座
373,月食,"火星,土星",,11月8日的月全食（满月）和11月23日的新月（非食相），火星将与土星形成和谐的角度，土星是稳定且长情的行星，这表明巨蟹正走在康庄大道上,2022-11,巨蟹座
374,月食,"火星,土星",,11月8日的月全食（满月）和11月23日的新月（非食相），火星将与土星形成和谐的角度，土星是稳定且长情的行星，这表明巨蟹正走在康庄大道上,2022-11,巨蟹座
375,月食,"火星,土星",,11月8日的月全食（满月）和11月23日的新月（非食相），火星将与土星形成和谐的角度，土星是稳定且长情的行星，这表明巨蟹正走在康庄大道上,2022-11,巨蟹座
376,日食,,,巨蟹将取得近十年最伟大的职业成就，尤其是在2023年3月21日的新月之后，或者4月19日的白羊座日食,2022-11,巨蟹座
377,日食,,,巨蟹将取得近十年最伟大的职业成就，尤其是在2023年3月21日的新月之后，或者4月19日的白羊座日食,2022-11,巨蟹座
378,月食,,,你可以帮助她和她的孩子，或者陪她去见医学或法律专家，以上只是举几个例子，总之，11月8日的月食期间，巨蟹将尽自己所能去帮助对方,2022-11,巨蟹座
379,月食,天王星,,天王星倾向于极端的表达形式，因此，巨蟹座在11月8日满月月食时可能会经历两种截然不同的情况,2022-11,巨蟹座
380,月食,天王星,,天王星倾向于极端的表达形式，因此，巨蟹座在11月8日满月月食时可能会经历两种截然不同的情况,2022-11,巨蟹座
381,日食,,,你可以阅读一下我上个月所写的有关10月25日日食部分（译者注：如何在网站上寻找10月运程原文的操作步骤略过，翻看星译社上月译文即可）,2022-11,摩羯座
382,月食,"太阳,土星",,土星正在水瓶座18度位置，并将同时与天蝎座16度的太阳和金牛座16度的满月月食构成90度刑相位,2022-11,摩羯座
383,月食,"太阳,土星",,土星正在水瓶座18度位置，并将同时与天蝎座16度的太阳和金牛座16度的满月月食构成90度刑相位,2022-11,摩羯座
384,月食,土星,,土星将要求你尽可能地现实和务实，但这在一个致力于将所有其他行星和话题拖下水进行讨论的月食之际并不容易,2022-11,摩羯座
385,月食,,,你也许已经感受到了本次月全食的影响，因为有10%的读者会在满月发生前一个月即10月9日前后4天内感受到,2022-11,摩羯座
386,月食,,,你也许已经感受到了本次月全食的影响，因为有10%的读者会在满月发生前一个月即10月9日前后4天内感受到,2022-11,摩羯座
387,月食,,,你也许已经感受到了本次月全食的影响，因为有10%的读者会在满月发生前一个月即10月9日前后4天内感受到,2022-11,摩羯座
388,月食,,,你也许已经感受到了本次月全食的影响，因为有10%的读者会在满月发生前一个月即10月9日前后4天内感受到,2022-11,摩羯座
389,月食,,,如果你生日在1月7日前后4天内，或是你的上升点在摩羯座16度附近，那你会非常强烈地注意到本次月食效应,2022-11,摩羯座
390,月食,,,也许你可以回顾一下今年之前两次发生在金牛和天蝎座的日月食，分别是4月30日和5月15日,2022-11,摩羯座
391,月食,,,本月的晚些时候我们会有一次美妙的新月（这次就不是月食了），它将于11月23日出现在射手座2度,2022-11,摩羯座
392,月食,,,本月的晚些时候我们会有一次美妙的新月（这次就不是月食了），它将于11月23日出现在射手座2度,2022-11,摩羯座
393,月食,,,如果你并未处在约会阶段而是已婚状态，那么本次月食不会影响你的婚姻（因为它由你星盘另一部分区域掌管），但会导致你对某个孩子的担忧,2022-11,摩羯座
394,月食,,,若你已经借了一大笔钱给你正在约会之人，在本次月食之际你可能发现钱是要不回来了，不仅是现在，且可能是永远拿不回来，这会令你震惊且失望,2022-11,摩羯座
395,月食,,,你是一个敬业、雄心勃勃的灵魂，因此你在这个月食之际可能会遇到困难，你没准会欢迎有这个能将你自己投入到工作中的机会，这样就能从11月8日的月食带来的一切混乱中得到一点解脱和转移,2022-11,摩羯座
396,月食,,4,另一个食相则是在本月8号发生的满月，这是一个月全食，出现在金牛座16度位置，点亮水瓶座的家庭宫,2022-11,水瓶座
397,月食,,4,另一个食相则是在本月8号发生的满月，这是一个月全食，出现在金牛座16度位置，点亮水瓶座的家庭宫,2022-11,水瓶座
398,月食,,4,另一个食相则是在本月8号发生的满月，这是一个月全食，出现在金牛座16度位置，点亮水瓶座的家庭宫,2022-11,水瓶座
399,月食,,4,另一个食相则是在本月8号发生的满月，这是一个月全食，出现在金牛座16度位置，点亮水瓶座的家庭宫,2022-11,水瓶座
400,月食,,,今天上半年也出现过一对，一个是4月30日的金牛座新月日食，另一个是5月15日的天蝎座满月月食,2022-11,水瓶座
401,月食,,,今天上半年也出现过一对，一个是4月30日的金牛座新月日食，另一个是5月15日的天蝎座满月月食,2022-11,水瓶座
402,月食,,,今天上半年也出现过一对，一个是4月30日的金牛座新月日食，另一个是5月15日的天蝎座满月月食,2022-11,水瓶座
403,月食,,,今天上半年也出现过一对，一个是4月30日的金牛座新月日食，另一个是5月15日的天蝎座满月月食,2022-11,水瓶座
404,月食,,,今天上半年也出现过一对，一个是4月30日的金牛座新月日食，另一个是5月15日的天蝎座满月月食,2022-11,水瓶座
405,月食,,,在这么多行星的联合作用下，这个满月日食会引起一系列的连锁反应和转变，遍及你生活中的方方面面,2022-11,水瓶座
406,月食,,,在这么多行星的联合作用下，这个满月日食会引起一系列的连锁反应和转变，遍及你生活中的方方面面,2022-11,水瓶座
407,月食,,,另一部分读者，大概15%左右，将在一个月后感受到日食，意味着在下个满月，即12月7日前后四天的时候听到消息,2022-11,狮子座
408,月食,,,另一部分读者，大概15%左右，将在一个月后感受到日食，意味着在下个满月，即12月7日前后四天的时候听到消息,2022-11,狮子座
409,月食,,,另一部分读者，大概15%左右，将在一个月后感受到日食，意味着在下个满月，即12月7日前后四天的时候听到消息,2022-11,狮子座
410,月食,,,就在你觉得生活已经发生了足够多的变化时，11月8日的满月月食将在金牛座降临，而金牛座代表你职业生涯的第十宫,2022-11,狮子座
411,月食,,,就在你觉得生活已经发生了足够多的变化时，11月8日的满月月食将在金牛座降临，而金牛座代表你职业生涯的第十宫,2022-11,狮子座
412,月食,,,这个月以11月8日在金牛座发生的具有挑战性的月食开场，很可能会给你的收入或储蓄带来不太想看到的意外,2022-11,白羊座
413,月食,,,这个月以11月8日在金牛座发生的具有挑战性的月食开场，很可能会给你的收入或储蓄带来不太想看到的意外,2022-11,白羊座
414,月食,,,这个月以11月8日在金牛座发生的具有挑战性的月食开场，很可能会给你的收入或储蓄带来不太想看到的意外,2022-11,白羊座
415,月食,,,这个月以11月8日在金牛座发生的具有挑战性的月食开场，很可能会给你的收入或储蓄带来不太想看到的意外,2022-11,白羊座
416,月食,月亮,,月食，比如11月8日的这次，总是把重点放在月亮上，而月亮掌管着你的家庭状况，会让其变得更为多变而不稳定——你可能会发现自己必须搬家，或者你家庭中的某位女性成员需要你的帮助，这只是许多有可能的举例中的两个可能,2022-11,白羊座
417,月食,月亮,,月食，比如11月8日的这次，总是把重点放在月亮上，而月亮掌管着你的家庭状况，会让其变得更为多变而不稳定——你可能会发现自己必须搬家，或者你家庭中的某位女性成员需要你的帮助，这只是许多有可能的举例中的两个可能,2022-11,白羊座
418,月食,"金星,天王星,海王星,冥王星",,金牛座的月食将聚光灯放在金星，而金星将被不可预测的天王星包围，但同时也能得到有远见的海王星和事业和金钱导向的冥王星的帮助,2022-11,白羊座
419,月食,,,10月25日白羊座刚刚经历了一次日食新月，而与它相对应的，满月月食将会发生在11月8日,2022-11,白羊座
420,月食,,,10月25日白羊座刚刚经历了一次日食新月，而与它相对应的，满月月食将会发生在11月8日,2022-11,白羊座
421,月食,,,10月25日白羊座刚刚经历了一次日食新月，而与它相对应的，满月月食将会发生在11月8日,2022-11,白羊座
422,月食,,,10月25日白羊座刚刚经历了一次日食新月，而与它相对应的，满月月食将会发生在11月8日,2022-11,白羊座
423,月食,,,10月25日白羊座刚刚经历了一次日食新月，而与它相对应的，满月月食将会发生在11月8日,2022-11,白羊座
424,月食,,,而本月即将到来的满月月食又会带来另一波消息，他可能和你们的工资，存款以及未曾预料到的大笔开销有关,2022-11,白羊座
425,月食,,,而本月即将到来的满月月食又会带来另一波消息，他可能和你们的工资，存款以及未曾预料到的大笔开销有关,2022-11,白羊座
426,月食,,,而本月即将到来的满月月食又会带来另一波消息，他可能和你们的工资，存款以及未曾预料到的大笔开销有关,2022-11,白羊座
427,月食,,,月食通常掀起了一股烟尘，从而让人很难去看清前方的路，所以也没有理由要去做任何冲动的行为，先进行思考，即使那要花上整整一天的时间,2022-11,白羊座
428,日食,,,10月25日的新月日食发生在天蝎座，它主管的法律与秩序，你们可能不得不向公安机构去报告一个问题，或者是向一位律师表达自己某方面的顾虑，寻求意见,2022-11,白羊座
429,日食,,,10月25日的新月日食发生在天蝎座，它主管的法律与秩序，你们可能不得不向公安机构去报告一个问题，或者是向一位律师表达自己某方面的顾虑，寻求意见,2022-11,白羊座
430,日食,,,10月25日的新月日食发生在天蝎座，它主管的法律与秩序，你们可能不得不向公安机构去报告一个问题，或者是向一位律师表达自己某方面的顾虑，寻求意见,2022-11,白羊座
431,日食,,,10月25日的新月日食发生在天蝎座，它主管的法律与秩序，你们可能不得不向公安机构去报告一个问题，或者是向一位律师表达自己某方面的顾虑，寻求意见,2022-11,白羊座
432,日食,,,10月25日的新月日食发生在天蝎座，它主管的法律与秩序，你们可能不得不向公安机构去报告一个问题，或者是向一位律师表达自己某方面的顾虑，寻求意见,2022-11,白羊座
433,月食,,,整个世界看起来似乎都处于一种观望状态，而11月8日的月食可能又给整个金融市场一次剧烈的震动,2022-11,白羊座
434,月食,,,而当时间来到11月23日，会有一个比较普通的新月，不是日月食的那种发生在射手座2度,2022-11,白羊座
435,月食,,,而当时间来到11月23日，会有一个比较普通的新月，不是日月食的那种发生在射手座2度,2022-11,白羊座
436,日食,,,食相总是成对出现，第一个食相出现在上个月——也就是10月25日天蝎座2°的新月日食,2022-11,金牛座
437,日食,,,食相总是成对出现，第一个食相出现在上个月——也就是10月25日天蝎座2°的新月日食,2022-11,金牛座
438,月食,,,11月8日，满月食相会出现在金牛座16°，这次食相非常有挑战性，如果上个月你重点关注着某个人，那么这个月你们的关系会达到一个临界点，马上就会出现巨大的质变,2022-11,金牛座
439,月食,,,11月8日，满月食相会出现在金牛座16°，这次食相非常有挑战性，如果上个月你重点关注着某个人，那么这个月你们的关系会达到一个临界点，马上就会出现巨大的质变,2022-11,金牛座
440,月食,,,11月8日，满月月食出现在金牛座，这次食相会触发类似顿悟的思想变化，你会用完全不同的方式看待亲密关系中的某个人,2022-11,金牛座
441,月食,,,11月8日，满月月食出现在金牛座，这次食相会触发类似顿悟的思想变化，你会用完全不同的方式看待亲密关系中的某个人,2022-11,金牛座
442,月食,,,11月8日，满月月食出现在金牛座，这次食相会触发类似顿悟的思想变化，你会用完全不同的方式看待亲密关系中的某个人,2022-11,金牛座
443,月食,,,这是一次出相月食，因此，如果这个人对你很重要，你要谨慎措辞，因为这次真的是覆水难收,2022-11,金牛座
444,月食,,,这是一次出相月食，因此，如果这个人对你很重要，你要谨慎措辞，因为这次真的是覆水难收,2022-11,金牛座
445,月食,,,这是一次出相月食，因此，如果这个人对你很重要，你要谨慎措辞，因为这次真的是覆水难收,2022-11,金牛座
446,月食,,,这次月食出现在你的星座，所以你必须通过自己的感受、通过分析怎样做对未来最好来过滤各种扑面而来的消息,2022-11,金牛座
447,日食,,,到2023年3月21日的新月或4月19日的白羊座日食时，巨蟹座的持续输出和贡献，将为自己赢得新的职务或晋升,2022-12,巨蟹座
448,日食,,,到2023年3月21日的新月或4月19日的白羊座日食时，巨蟹座的持续输出和贡献，将为自己赢得新的职务或晋升,2022-12,巨蟹座
449,日食,木星,2,你还需要其他星体来触发木星提供的精彩财运，比如新月就可以做到，4月19日会在你星盘财务宫发生新月，还是个白羊座日全食，但未必要等那么久，期间还有其他非常好的星相,2023-02,处女座
450,日食,木星,2,你还需要其他星体来触发木星提供的精彩财运，比如新月就可以做到，4月19日会在你星盘财务宫发生新月，还是个白羊座日全食，但未必要等那么久，期间还有其他非常好的星相,2023-02,处女座
451,日食,,,第三个重要时刻——可能也是最强大的——是北京时间4月20日的白羊座新月日食，发生在你星盘第八宫，前面描述过的位置——与他方有关的钱财宫,2023-03,双鱼座
452,日食,,,第三个重要时刻——可能也是最强大的——是北京时间4月20日的白羊座新月日食，发生在你星盘第八宫，前面描述过的位置——与他方有关的钱财宫,2023-03,双鱼座
453,日食,,,第三个重要时刻——可能也是最强大的——是北京时间4月20日的白羊座新月日食，发生在你星盘第八宫，前面描述过的位置——与他方有关的钱财宫,2023-03,双鱼座
454,日食,木星,,这个月的高点在北京时间4月20日的白羊座29°新月日食，重点还是你的财务，木星与日食和新月靠近，让这次日食成为不常见的更慷慨的一次,2023-03,双鱼座
455,日食,木星,,这个月的高点在北京时间4月20日的白羊座29°新月日食，重点还是你的财务，木星与日食和新月靠近，让这次日食成为不常见的更慷慨的一次,2023-03,双鱼座
456,日食,"水星,火星",,身为处女座，你的第十宫是双子座，水星是你星盘第十宫的主星，日食时得到火星旺盛的能量——这是我看到就感到高兴的星象,2023-03,双鱼座
457,日食,木星,,木星与日食靠近，木星掌管你的家庭，也可能是来自卖房子的一大笔钱，或父母给你一大笔钱,2023-03,双鱼座
458,日食,冥王星,,4月20日的日食时，冥王星是唯一捣乱的星体，它正在你星盘工作方法和日常项目宫第六宫,2023-03,双鱼座
459,日食,"金星,冥王星",,金星在日食时处于强力位置，冥王星会被金星的魅力吸引，扭转局面为你所用的最好办法是与这个人谈话时保持礼貌和风度,2023-03,双鱼座
460,日食,,,本月的重要时刻将会发生在4月19日，白羊座的新月日食同样也发生在我们前面提过的4月11日和12日的那个位置上，你的第五宫,2023-03,双鱼座
461,日食,,,本月的重要时刻将会发生在4月19日，白羊座的新月日食同样也发生在我们前面提过的4月11日和12日的那个位置上，你的第五宫,2023-03,双鱼座
462,日食,,,这是一个慷慨且富有魔力的相位，因为它非常的强力可能会改变生活，所以如果你是单身并且期待一次命中注定的相遇的话，快把日食之后的那几天和几周都圈起来,2023-03,双鱼座
463,日食,,,这是一个慷慨且富有魔力的相位，因为它非常的强力可能会改变生活，所以如果你是单身并且期待一次命中注定的相遇的话，快把日食之后的那几天和几周都圈起来,2023-03,双鱼座
464,日食,,,这是一个慷慨且富有魔力的相位，因为它非常的强力可能会改变生活，所以如果你是单身并且期待一次命中注定的相遇的话，快把日食之后的那几天和几周都圈起来,2023-03,双鱼座
465,日食,,,还有更重要的一天是4月19日，新月日食发生在白羊座29度，这次日食也会同样的点亮你的第五宫，这里掌管着你的浪漫，真爱，怀孕，生育，对孩子的温暖关爱，对创意清晰独到的表达，以及想象力,2023-03,双鱼座
466,日食,,,还有更重要的一天是4月19日，新月日食发生在白羊座29度，这次日食也会同样的点亮你的第五宫，这里掌管着你的浪漫，真爱，怀孕，生育，对孩子的温暖关爱，对创意清晰独到的表达，以及想象力,2023-03,双鱼座
467,日食,,,把4月19日的这次新月日食想象成一个入口，让你可以踏入自己星盘中这次新月发生的领域，并且开启众多机会（这次的这个领域掌管着快乐，放松，浪漫，爱情，孩子，以及创意）,2023-03,双鱼座
468,日食,,,把4月19日的这次新月日食想象成一个入口，让你可以踏入自己星盘中这次新月发生的领域，并且开启众多机会（这次的这个领域掌管着快乐，放松，浪漫，爱情，孩子，以及创意）,2023-03,双鱼座
469,日食,"太阳,木星",,如果你是单身，那么这次的新月日食是你能想象到的最好的一次，因为太阳和新月会一起与代表着礼物和好运的木星手挽着手,2023-03,双鱼座
470,日食,"太阳,木星",,如果你是单身，那么这次的新月日食是你能想象到的最好的一次，因为太阳和新月会一起与代表着礼物和好运的木星手挽着手,2023-03,双鱼座
471,日食,木星,,3月21日的新月落在白羊座1°，你星盘第八宫涉及他方钱财的位置，好运之星木星一直在你星盘这个领域，而且这一次很不常见的是，连续有两个发生在同一位置的新月，第二个将出现在4月19日，白羊座29°，是个日食，指向有关财务的积极变化,2023-03,处女座
472,日食,木星,,3月21日的新月落在白羊座1°，你星盘第八宫涉及他方钱财的位置，好运之星木星一直在你星盘这个领域，而且这一次很不常见的是，连续有两个发生在同一位置的新月，第二个将出现在4月19日，白羊座29°，是个日食，指向有关财务的积极变化,2023-03,处女座
473,日食,木星,,3月21日的新月落在白羊座1°，你星盘第八宫涉及他方钱财的位置，好运之星木星一直在你星盘这个领域，而且这一次很不常见的是，连续有两个发生在同一位置的新月，第二个将出现在4月19日，白羊座29°，是个日食，指向有关财务的积极变化,2023-03,处女座
474,日食,木星,,3月21日的新月落在白羊座1°，你星盘第八宫涉及他方钱财的位置，好运之星木星一直在你星盘这个领域，而且这一次很不常见的是，连续有两个发生在同一位置的新月，第二个将出现在4月19日，白羊座29°，是个日食，指向有关财务的积极变化,2023-03,处女座
475,日食,木星,,3月21日的新月落在白羊座1°，你星盘第八宫涉及他方钱财的位置，好运之星木星一直在你星盘这个领域，而且这一次很不常见的是，连续有两个发生在同一位置的新月，第二个将出现在4月19日，白羊座29°，是个日食，指向有关财务的积极变化,2023-03,处女座
476,日食,,,看看3月21日之后的几天发生的事情，因为它会给你一个线索，告诉你4月19日日食可能会暴露些什么，而这是一个位于白羊座的新月,2023-03,天蝎座
477,日食,,,看看3月21日之后的几天发生的事情，因为它会给你一个线索，告诉你4月19日日食可能会暴露些什么，而这是一个位于白羊座的新月,2023-03,天蝎座
478,日食,,,这是两次白羊座新月的第一次，两次新月将照亮同一个宫位；下一次新月将于4月19日到来，但这次是白羊座新月日食,2023-03,巨蟹座
479,日食,,,这是两次白羊座新月的第一次，两次新月将照亮同一个宫位；下一次新月将于4月19日到来，但这次是白羊座新月日食,2023-03,巨蟹座
480,日食,,,这是两次白羊座新月的第一次，两次新月将照亮同一个宫位；下一次新月将于4月19日到来，但这次是白羊座新月日食,2023-03,巨蟹座
481,日食,,,4月19日，白羊座会迎来第二次新月，这次新月会和日食相伴而行，会再次强调3月21日新月的主题,2023-03,狮子座
482,日食,,,4月19日，白羊座会迎来第二次新月，这次新月会和日食相伴而行，会再次强调3月21日新月的主题,2023-03,狮子座
483,日食,,,通常，你一年只能享用一次白羊座新月，但今年将会有第二次——4月19日将会是一次强大的白羊座新月日食,2023-03,白羊座
484,日食,,,通常，你一年只能享用一次白羊座新月，但今年将会有第二次——4月19日将会是一次强大的白羊座新月日食,2023-03,白羊座
485,日食,"太阳,木星",,4月19日的日食肯定会开启一个新的社会篇章，因为好运的木星将与太阳和新月相合，这是一个重大的消息,2023-04,双子座
486,日食,"太阳,木星",,4月19日的日食肯定会开启一个新的社会篇章，因为好运的木星将与太阳和新月相合，这是一个重大的消息,2023-04,双子座
487,日食,,,在这次新月日食中，你将迈过一道门槛，机会应该是相当特别的，甚至给你一个赚取奇妙金钱的机会,2023-04,双子座
488,日食,,,在这次新月日食中，你将迈过一道门槛，机会应该是相当特别的，甚至给你一个赚取奇妙金钱的机会,2023-04,双子座
489,日食,"火星,天王星",,此外，这次日食发生在白羊座，这让火星非常醒目，而且火星与天王星这般亲切同步，有可能这次日食的一个副作用是，更多的钱可能会找到你，而且多亏了天王星，这会是一个完全的惊喜,2023-04,双子座
490,日食,"火星,天王星",,此外，这次日食发生在白羊座，这让火星非常醒目，而且火星与天王星这般亲切同步，有可能这次日食的一个副作用是，更多的钱可能会找到你，而且多亏了天王星，这会是一个完全的惊喜,2023-04,双子座
491,日食,,,这次日食将发生在你的第十一宫，所以你一直非常希望的某天能出现的事情，可能这时候就能发生了,2023-04,双子座
492,月食,太阳,,日食可能意味着一个非常重要的男性人物会离开——像食相一样“食”掉，而太阳又总是指向男性形象（月食指向女性）,2023-04,双鱼座
493,月食,太阳,,日食可能意味着一个非常重要的男性人物会离开——像食相一样“食”掉，而太阳又总是指向男性形象（月食指向女性）,2023-04,双鱼座
494,日食,,,4月19日发生在白羊座29°的新月日食，可能会出现更多来自伴侣/伙伴的消息，或是与你在爱情或生意上建立的新伙伴关系有关的消息,2023-04,天秤座
495,日食,,,4月19日发生在白羊座29°的新月日食，可能会出现更多来自伴侣/伙伴的消息，或是与你在爱情或生意上建立的新伙伴关系有关的消息,2023-04,天秤座
496,日食,"火星,土星",,4月19日，火星会向土星发起一段友好的谈话，暗示着你可能会在很长一段时间内维持你达成的任何协议（这一天也是日食的日子，影响将会更强）,2023-04,天秤座
497,日食,,,如果你的生日在10月18日-22日之间，或者你的上升星座在天秤座24°-29°之间，你会注意到这次日食中出现的机会,2023-04,天秤座
498,日食,,,如果你的生日在10月18日-22日之间，或者你的上升星座在天秤座24°-29°之间，你会注意到这次日食中出现的机会,2023-04,天秤座
499,日食,"火星,天王星",,火星是你驱动力的燃料，而天王星代表了生活中的惊喜，他们4月29日都在极好的角度——但近得足以像4月19日的日食一样传递消息——他们发出的信号表明这次日食对你来说是相当惊艳的,2023-04,天秤座
500,日食,,,今年4月19日的日食发生在白羊座，这预示着你将在研究、方法和解决方案方面拥有很大的自主权,2023-04,天蝎座
501,日食,,,这次日食指向你公司的一位男性贵宾，他将宣布离开，或者可能是一位大客户在与你建立了长期良好的关系后选择离开,2023-04,天蝎座
502,日食,,,第六宫（新月日食将在这里发生）也代表健康和身体，所以你可能会开始更好地照顾自己，发誓要吃得更有营养，多锻炼,2023-04,天蝎座
503,日食,,,第六宫（新月日食将在这里发生）也代表健康和身体，所以你可能会开始更好地照顾自己，发誓要吃得更有营养，多锻炼,2023-04,天蝎座
504,日食,,,小型家养宠物也属于第六宫的管辖范围，所以如果你一直在考虑给家里添一只小狗或小猫，4月19日的日食会让你有动力去动物收容所或宠物店选择你的毛茸茸的小伙伴,2023-04,天蝎座
505,日食,,,等待今年晚些时候，8月16日是你职业生涯中一年中最好的新月（而不是日食）之一，你将在新月上获得一个新的职位，这将是你出色的职业表现，一定会提升你在行业中的知名度,2023-04,天蝎座
506,日食,,,等待今年晚些时候，8月16日是你职业生涯中一年中最好的新月（而不是日食）之一，你将在新月上获得一个新的职位，这将是你出色的职业表现，一定会提升你在行业中的知名度,2023-04,天蝎座
507,日食,,10,这一主题还将在4月19日的白羊座日食进一步得以强调，这是巨蟹的事业高光时刻，因为日食同样发生在你的事业和荣誉宫,2023-04,巨蟹座
508,日食,,10,4月19日，是白羊29°日食，本月的大日子，也是本年度第二次白羊座新月，白羊是巨蟹的事业宫，也是你未来几个月关注的重点,2023-04,巨蟹座
509,日食,,10,4月19日，是白羊29°日食，本月的大日子，也是本年度第二次白羊座新月，白羊是巨蟹的事业宫，也是你未来几个月关注的重点,2023-04,巨蟹座
510,日食,"火星,天王星",,巨蟹宫内的火星与金牛座内的天王星呈友好相位，但是巨蟹座内的火星，4月19日日食期间与巨蟹座内的天王星十分接近，某位朋友可能会带来令你感到非常温馨的惊喜消息,2023-04,巨蟹座
511,日食,,,也就是说，如果你因为日食带来的消息而需要做出任何重大决定，都需要等到5月14日以后,2023-04,巨蟹座
512,日食,,4,本月将是重要的一个月，因为4月19日将有个友好的新月日食发生在你的家宅宫内，这将给你的家庭、住所或其他你拥有、租赁、管理或打算买卖的房产带来迅速且戏剧化的改变,2023-04,摩羯座
513,日食,,4,本月将是重要的一个月，因为4月19日将有个友好的新月日食发生在你的家宅宫内，这将给你的家庭、住所或其他你拥有、租赁、管理或打算买卖的房产带来迅速且戏剧化的改变,2023-04,摩羯座
514,月食,木星,,下个月将发生另一次食相（月食），随后木星将进入金牛座——对于这颗象征好运的行星而言是个极好的新位置，因为它对应你的真爱与快乐之宫,2023-04,摩羯座
515,日食,冥王星,,要是你需要抵押贷款或房屋改建贷款，那么由于冥王星和本次日食构成困难的角度，你可能不得不向不止一家银行申请,2023-04,摩羯座
516,日食,冥王星,,要是你需要抵押贷款或房屋改建贷款，那么由于冥王星和本次日食构成困难的角度，你可能不得不向不止一家银行申请,2023-04,摩羯座
517,日食,土星,,土星将与日食构成极好的角度，这将有助于为你受日食影响采取的行动构建一种长期的安全感,2023-04,摩羯座
518,日食,,,（本月）你会非常关注沟通和出行，因为4月19日还有一个发生在白羊座29度的新月日食，跟“日木合”发生在同一个宫位,2023-04,水瓶座
519,日食,,,（本月）你会非常关注沟通和出行，因为4月19日还有一个发生在白羊座29度的新月日食，跟“日木合”发生在同一个宫位,2023-04,水瓶座
520,日食,"火星,土星",,任何新月日食发生在白羊座，你的守护星火星都将起到主导作用，幸运的是，火星对土星仍然相当友好，继续稳定并为你的未来打下基础,2023-04,白羊座
521,日食,"火星,土星",,任何新月日食发生在白羊座，你的守护星火星都将起到主导作用，幸运的是，火星对土星仍然相当友好，继续稳定并为你的未来打下基础,2023-04,白羊座
522,日食,,,本月的大日子集中在4月19日的新月日食，发生在在白羊座29度，完美地创造了一个新的开始,2023-04,白羊座
523,日食,,,本月的大日子集中在4月19日的新月日食，发生在在白羊座29度，完美地创造了一个新的开始,2023-04,白羊座
524,日食,,,所有的日食都有第二次，所以不要太快地宣布这次日食对你是“好”还是“坏”——更多的信息将在后续几天内到来,2023-04,白羊座
525,日食,"太阳,木星",,4月19日的日食肯定会开启一个新的社会篇章，因为好运的木星将与太阳和新月相合，这是一个重大的消息,2023-04,苏珊米勒2023年4月双子座
526,日食,"太阳,木星",,4月19日的日食肯定会开启一个新的社会篇章，因为好运的木星将与太阳和新月相合，这是一个重大的消息,2023-04,苏珊米勒2023年4月双子座
527,日食,"太阳,木星",,4月19日的日食肯定会开启一个新的社会篇章，因为好运的木星将与太阳和新月相合，这是一个重大的消息,2023-04,苏珊米勒2023年4月双子座
528,日食,"太阳,木星",,4月19日的日食肯定会开启一个新的社会篇章，因为好运的木星将与太阳和新月相合，这是一个重大的消息,2023-04,苏珊米勒2023年4月双子座
529,日食,,,4月19日发生在白羊座29°的新月日食，可能会出现更多来自伴侣/伙伴的消息，或是与你在爱情或生意上建立的新伙伴关系有关的消息,2023-04,苏珊米勒2023年4月天秤座
530,日食,,,4月19日发生在白羊座29°的新月日食，可能会出现更多来自伴侣/伙伴的消息，或是与你在爱情或生意上建立的新伙伴关系有关的消息,2023-04,苏珊米勒2023年4月天秤座
531,日食,,,4月19日发生在白羊座29°的新月日食，可能会出现更多来自伴侣/伙伴的消息，或是与你在爱情或生意上建立的新伙伴关系有关的消息,2023-04,苏珊米勒2023年4月天秤座
532,日食,,,4月19日发生在白羊座29°的新月日食，可能会出现更多来自伴侣/伙伴的消息，或是与你在爱情或生意上建立的新伙伴关系有关的消息,2023-04,苏珊米勒2023年4月天秤座
533,日食,,,4月19日发生在白羊座29°的新月日食，可能会出现更多来自伴侣/伙伴的消息，或是与你在爱情或生意上建立的新伙伴关系有关的消息,2023-04,苏珊米勒2023年4月天秤座
534,日食,,10,这一主题还将在4月19日的白羊座日食进一步得以强调，这是巨蟹的事业高光时刻，因为日食同样发生在你的事业和荣誉宫,2023-04,苏珊米勒2023年4月巨蟹座
535,日食,,10,这一主题还将在4月19日的白羊座日食进一步得以强调，这是巨蟹的事业高光时刻，因为日食同样发生在你的事业和荣誉宫,2023-04,苏珊米勒2023年4月巨蟹座
536,日食,,10,这一主题还将在4月19日的白羊座日食进一步得以强调，这是巨蟹的事业高光时刻，因为日食同样发生在你的事业和荣誉宫,2023-04,苏珊米勒2023年4月巨蟹座
537,日食,,10,这一主题还将在4月19日的白羊座日食进一步得以强调，这是巨蟹的事业高光时刻，因为日食同样发生在你的事业和荣誉宫,2023-04,苏珊米勒2023年4月巨蟹座
538,日食,,4,本月将是重要的一个月，因为4月19日将有个友好的新月日食发生在你的家宅宫内，这将给你的家庭、住所或其他你拥有、租赁、管理或打算买卖的房产带来迅速且戏剧化的改变,2023-04,苏珊米勒2023年4月摩羯座
539,日食,,4,本月将是重要的一个月，因为4月19日将有个友好的新月日食发生在你的家宅宫内，这将给你的家庭、住所或其他你拥有、租赁、管理或打算买卖的房产带来迅速且戏剧化的改变,2023-04,苏珊米勒2023年4月摩羯座
540,日食,,4,本月将是重要的一个月，因为4月19日将有个友好的新月日食发生在你的家宅宫内，这将给你的家庭、住所或其他你拥有、租赁、管理或打算买卖的房产带来迅速且戏剧化的改变,2023-04,苏珊米勒2023年4月摩羯座
541,日食,,4,本月将是重要的一个月，因为4月19日将有个友好的新月日食发生在你的家宅宫内，这将给你的家庭、住所或其他你拥有、租赁、管理或打算买卖的房产带来迅速且戏剧化的改变,2023-04,苏珊米勒2023年4月摩羯座
542,日食,,4,本月将是重要的一个月，因为4月19日将有个友好的新月日食发生在你的家宅宫内，这将给你的家庭、住所或其他你拥有、租赁、管理或打算买卖的房产带来迅速且戏剧化的改变,2023-04,苏珊米勒2023年4月摩羯座
543,日食,水星,,你要记住，在日食象征的消息来到身边之后，要放慢脚步，水星会从4月21日在金牛座开始逆行，直到5月14日结束逆行,2023-04,金牛座
544,日食,冥王星,,这次新月日食期间，冥王星代表一种专横、苛刻、咄咄逼人的人，他会野蛮肆意的方法来谈判,2023-04,金牛座
545,日食,冥王星,,这次新月日食期间，冥王星代表一种专横、苛刻、咄咄逼人的人，他会野蛮肆意的方法来谈判,2023-04,金牛座
546,日食,,,到了5月19日，新月（这次不是日食）将把五个天体带到你代表秘密的第十二宫，所以在与他人打交道时要小心谨慎,2023-05,双子座
547,日食,,,到了5月19日，新月（这次不是日食）将把五个天体带到你代表秘密的第十二宫，所以在与他人打交道时要小心谨慎,2023-05,双子座
548,月食,,,这次满月月食将发生在你的第六宫，即每天的工作任务宫，将包括在家里和工作中向你报告的工人（例如，保姆、管家或你的助手）,2023-05,双子座
549,月食,,,这次满月月食将发生在你的第六宫，即每天的工作任务宫，将包括在家里和工作中向你报告的工人（例如，保姆、管家或你的助手）,2023-05,双子座
550,月食,,,这次满月月食将发生在你的第六宫，即每天的工作任务宫，将包括在家里和工作中向你报告的工人（例如，保姆、管家或你的助手）,2023-05,双子座
551,月食,,,这次满月月食将发生在你的第六宫，即每天的工作任务宫，将包括在家里和工作中向你报告的工人（例如，保姆、管家或你的助手）,2023-05,双子座
552,日食,,,另外，因为第六宫（这次日食发生的地方）是下属所在的地方，你可能会听到一个为你工作而很值得信赖的人要离开，比如你的助理（在工作中）、保姆、你母亲的日常护理员、你的管家、记账员、园丁，或者其他你雇用的、每天或经常在家里或工作中看到的人,2023-05,双子座
553,日食,木星,,日食后11天，木星将抵达金牛座，并将从2023年5月16日一直停留到2024年5月25日——一整年,2023-05,双子座
554,月食,,,5月5日的月食似乎在，测试你当事情发展开始不如预期，你是否还有保持实际、实干、冷静、足智多谋以及保持想象力的能力,2023-05,双鱼座
555,月食,,,每次食相都肩负着寻找和暴露薄弱环节的使命，因此当宇宙想你展示它的发现，你可能会失望、悲伤或震惊，但月食所连接的是真相，因此我们要为此心怀感激,2023-05,双鱼座
556,月食,天王星,,5月5日发生天蝎座满月月食，这次月食对每个星座的每个人都是压力，因为不可预测之星天王星对冲月食,2023-05,处女座
557,月食,天王星,,5月5日发生天蝎座满月月食，这次月食对每个星座的每个人都是压力，因为不可预测之星天王星对冲月食,2023-05,处女座
558,月食,"太阳,天王星",,5月5日的天蝎座满月月食带着紧密的日天合相，天王星这颗突发消息之星与太阳相合在金牛座肩并肩运行,2023-05,处女座
559,月食,"太阳,天王星",,5月5日的天蝎座满月月食带着紧密的日天合相，天王星这颗突发消息之星与太阳相合在金牛座肩并肩运行,2023-05,处女座
560,月食,,,月食发生在你星盘第三宫出行宫，所以这时不适合出发，你星盘第三宫掌管短途出行，往往是汽车、火车或短途飞行之旅，可能遇到各种出乎意料的困难，比如机械问题，或在目的地遇到很难打交道的人,2023-05,处女座
561,月食,水星,,月食还伴随水星逆行，让气氛愈发地混乱、危急、迷茫，这次水逆从4月21日开始，持续到5月14日,2023-05,处女座
562,月食,,,我前面提了一句，5月5日的月食时，可能是一位朋友导致你停顿并带来些麻烦，但整体上看起来，你的社交生活还是充满活力,2023-05,处女座
563,日食,"太阳,水星,木星",,现在看看5月19日的金牛座28°新月，这次不是日食，新月照亮你星盘掌管头脑的第九宫，这时聚合了五颗星体，真正半个太阳系的星星，聚集在你星盘的远方宫，在一个宫位中拥有如此巨大的能量，而且更靠谱的是，所有星体都位于金牛座，与你完美兼容的另一个土象星座，包括新月（机会）、太阳（力量）、水星（消息）、木星（运气）,2023-05,处女座
564,日食,"太阳,水星,木星",,现在看看5月19日的金牛座28°新月，这次不是日食，新月照亮你星盘掌管头脑的第九宫，这时聚合了五颗星体，真正半个太阳系的星星，聚集在你星盘的远方宫，在一个宫位中拥有如此巨大的能量，而且更靠谱的是，所有星体都位于金牛座，与你完美兼容的另一个土象星座，包括新月（机会）、太阳（力量）、水星（消息）、木星（运气）,2023-05,处女座
565,月食,,,5月5日的这个月食可能不是一个友好的月食，而且每一个星座的每一个人都会面临意料之外突如其来的消息,2023-05,天秤座
566,月食,,,如果你正在走法庭案件的程序，或者在处理离婚协议，如果是在5月5日月食时发生的，那么你可能一开始不会满意该协议提供的方案,2023-05,天秤座
567,月食,天王星,,话虽如此，试图猜测5月5日月食会发生什么是徒劳的，因为天王星的本质就是策划惊喜，我们都不会喜欢,2023-05,天秤座
568,月食,,,记住，你永远无法回到月食发生前的状态，因为月食的任务是推动你前进，而不是回到以前的时期,2023-05,天秤座
569,月食,,,5月5日的食相和去年11月8日的食相有关，这次月食会把去年11月食相的主题带到新的高度,2023-05,天蝎座
570,月食,,,这次5月6日的月食，你可能在4月5日±5日内感觉到了，或将在6月3日±5日内才感觉到,2023-05,天蝎座
571,月食,"太阳,水星,天王星",7,这次月食可能带来些来自亲近人士的难题，也许指向确定关系的爱人——尤其是配偶——或事业合作者、合伙人、你聘请的专业人士，太阳、水星、天王星都在你星盘关系宫对冲这次月食,2023-05,天蝎座
572,月食,,,星盘第七宫掌管各种类型的“另一方”，这一宫处于困难星象下，比如这次三颗星体对冲天蝎座月食，古代占星师往往认为指向公开的敌人,2023-05,天蝎座
573,月食,,,月食往往带来激烈的竞争者来争夺你想要的工作，市场上是那种以离谱报价引诱客户想窃取市场份额的竞争者,2023-05,天蝎座
574,月食,木星,,木星将进入你星盘第七宫，月初月食导致问题的那一宫，涉及恋爱对象或事业伙伴或竞争对手,2023-05,天蝎座
575,月食,木星,,我知道5月6日的月食发生时，木星正在进入第七宫的跑道上滑行，本可以让月食变得更轻松，但可惜它5月16日才来，那也比不来好,2023-05,天蝎座
576,月食,火星,,火星正在你星盘第九宫，如果在5月20日火星离开巨蟹座之前，来一次小旅行听起来不错（但要尽量远离5月6日月食的压力），说什么也要去,2023-05,天蝎座
577,月食,,,月食也会带来让人费解的情况，所以要等到一切尘埃落定，想想发生了什么，并想一下自己可以采取什么样的应对方式,2023-05,射手座
578,月食,,,随着5月的开始，你将会在5月5日遇见一年中最艰难的食相，落在天蝎座15度的满月月食,2023-05,射手座
579,月食,,,随着5月的开始，你将会在5月5日遇见一年中最艰难的食相，落在天蝎座15度的满月月食,2023-05,射手座
580,月食,,,随着5月的开始，你将会在5月5日遇见一年中最艰难的食相，落在天蝎座15度的满月月食,2023-05,射手座
581,月食,,,如果你一直在跟心理医生讨论一个问题的话，那么这次月食可以很容易的让事情浮出水面，帮你取得突破,2023-05,射手座
582,月食,,,5月5日的这次月食不是一次简单的月食，在最开始的时候你可能会不太喜欢发生的事情，但是随着时间的推移，你会发现它就跟所有其他的食相一样，也会带来治愈和净化,2023-05,射手座
583,月食,,,5月5日的这次月食不是一次简单的月食，在最开始的时候你可能会不太喜欢发生的事情，但是随着时间的推移，你会发现它就跟所有其他的食相一样，也会带来治愈和净化,2023-05,射手座
584,月食,月亮,,（月亮的食相——月食——通常会让一位杰出的女性“掩盖住光辉”，这是我为什么会用女性举例的原因）,2023-05,射手座
585,月食,,,月食过后，新鲜的恋情将实现，你的预感也将更加强烈，幸福的爱情生活在向你招手，还有什么理由宅在家呢,2023-05,巨蟹座
586,月食,,,月食期间，外界的事也容易出发问题，有些事可能开起来毫无关联，但就是会从风马牛不相及的点开始联系到一起，发生在你身上，彻底颠覆你的生活,2023-05,巨蟹座
587,月食,,,另外，如果一段感情或一件事让你感到受伤，月食也会连眼睛都不眨地将它清理出你的生活，如果你自己下不了决心，不用担心，月食会出手,2023-05,巨蟹座
588,月食,,,而改变可能会在6月3日到来，由于占星师占星工具的特殊性，所以大家对于月食的感受可能会比它真正发生的日期早1个月，或者晚1个月，周期范围可在前后各加（减）5天,2023-05,巨蟹座
589,月食,"水星,火星",,本次月食缩短了巨蟹与火星的有效相处时间，水星逆行也没有做出什么有效的推动，特别是在工作上,2023-05,巨蟹座
590,月食,,,由于5月5日发生在天蝎座的满月月食带来的挑战，你有关某个密友的个人社交生活在5月需要关注,2023-05,摩羯座
591,月食,,,由于5月5日发生在天蝎座的满月月食带来的挑战，你有关某个密友的个人社交生活在5月需要关注,2023-05,摩羯座
592,月食,,,由于5月5日发生在天蝎座的满月月食带来的挑战，你有关某个密友的个人社交生活在5月需要关注,2023-05,摩羯座
593,月食,,,你星盘里被5月5日月食强调的领域同样也掌管你在团队内的工作，所以如果你是俱乐部或慈善机构的一个成员，你也许会和担任领导的某个成员发生政治麻烦，也许是该团队的的董事会成员,2023-05,摩羯座
594,月食,,,你拥有整个黄道12星座中最快乐的星盘，考虑到我们在本月初有个艰难的月食，因此这是个戏剧性的评估,2023-05,摩羯座
595,月食,,,关于日/月食，有个很好的规则需要记住：在食相附近的日子发起计划是不明智的，但如果你之前没有作出决定、声明，或开始，那你可以回应,2023-05,摩羯座
596,月食,,,5月5日的天蝎座满月日食并不友好，可能会涉及11月8日那个食相期间发生的某些事情，给你的工作和职场带来很多变化,2023-05,水瓶座
597,月食,,,5月5日的天蝎座满月日食并不友好，可能会涉及11月8日那个食相期间发生的某些事情，给你的工作和职场带来很多变化,2023-05,水瓶座
598,月食,,,现在，我们即将迎来它的“孪生兄弟/姐妹”，即5月5日发生在天蝎座15度位置的满月月食,2023-05,水瓶座
599,月食,,,现在，我们即将迎来它的“孪生兄弟/姐妹”，即5月5日发生在天蝎座15度位置的满月月食,2023-05,水瓶座
600,月食,,,现在，我们即将迎来它的“孪生兄弟/姐妹”，即5月5日发生在天蝎座15度位置的满月月食,2023-05,水瓶座
601,月食,"太阳,冥王星",,冥王星会在水瓶座停留到6月11日，（所以）这个满月月食期间，它会加强太阳和满月的影响，意味着某位工作上的合作伙伴，比如：代理人、出版商、领域专家、个人教练、业务合作伙伴、会计或律师之类的，也有可能是你的配偶，会给你的这个决定施加压力，让你开始考虑家庭和工作方面可能存在的冲突,2023-05,水瓶座
602,月食,"太阳,冥王星",,冥王星会在水瓶座停留到6月11日，（所以）这个满月月食期间，它会加强太阳和满月的影响，意味着某位工作上的合作伙伴，比如：代理人、出版商、领域专家、个人教练、业务合作伙伴、会计或律师之类的，也有可能是你的配偶，会给你的这个决定施加压力，让你开始考虑家庭和工作方面可能存在的冲突,2023-05,水瓶座
603,月食,"太阳,冥王星",,冥王星会在水瓶座停留到6月11日，（所以）这个满月月食期间，它会加强太阳和满月的影响，意味着某位工作上的合作伙伴，比如：代理人、出版商、领域专家、个人教练、业务合作伙伴、会计或律师之类的，也有可能是你的配偶，会给你的这个决定施加压力，让你开始考虑家庭和工作方面可能存在的冲突,2023-05,水瓶座
604,月食,,,因为在水逆和5月5日天蝎座满月月食的双重作用下，会营造令人迷惑不清的环境与氛围，让人难以看清前方道路,2023-05,水瓶座
605,月食,,,因为在水逆和5月5日天蝎座满月月食的双重作用下，会营造令人迷惑不清的环境与氛围，让人难以看清前方道路,2023-05,水瓶座
606,日食,,,到了5月19日，新月（这次不是日食）将把五个天体带到你代表秘密的第十二宫，所以在与他人打交道时要小心谨慎,2023-05,狮子座
607,日食,,,到了5月19日，新月（这次不是日食）将把五个天体带到你代表秘密的第十二宫，所以在与他人打交道时要小心谨慎,2023-05,狮子座
608,月食,,,这次满月月食将发生在你的第六宫，即每天的工作任务宫，将包括在家里和工作中向你报告的工人（例如，保姆、管家或你的助手）,2023-05,狮子座
609,月食,,,这次满月月食将发生在你的第六宫，即每天的工作任务宫，将包括在家里和工作中向你报告的工人（例如，保姆、管家或你的助手）,2023-05,狮子座
610,月食,,,这次满月月食将发生在你的第六宫，即每天的工作任务宫，将包括在家里和工作中向你报告的工人（例如，保姆、管家或你的助手）,2023-05,狮子座
611,月食,,,这次满月月食将发生在你的第六宫，即每天的工作任务宫，将包括在家里和工作中向你报告的工人（例如，保姆、管家或你的助手）,2023-05,狮子座
612,日食,,,另外，因为第六宫（这次日食发生的地方）是下属所在的地方，你可能会听到一个为你工作而很值得信赖的人要离开，比如你的助理（在工作中）、保姆、你母亲的日常护理员、你的管家、记账员、园丁，或者其他你雇用的、每天或经常在家里或工作中看到的人,2023-05,狮子座
613,日食,木星,,日食后11天，木星将抵达金牛座，并将从2023年5月16日一直停留到2024年5月25日——一整年,2023-05,狮子座
614,日食,,,上个月的4月19日，我们经历了白羊座的新月日食——强大的新月——给生活带来深刻而积极的变化,2023-05,白羊座
615,日食,,,上个月的4月19日，我们经历了白羊座的新月日食——强大的新月——给生活带来深刻而积极的变化,2023-05,白羊座
616,月食,,,月食总是成对出现，上个月新月的姐妹对，将在5月5日的满月月食出现，它发生在天蝎座，财务第八宫，代表他人金钱,2023-05,白羊座
617,月食,,,月食总是成对出现，上个月新月的姐妹对，将在5月5日的满月月食出现，它发生在天蝎座，财务第八宫，代表他人金钱,2023-05,白羊座
618,月食,,,月食总是成对出现，上个月新月的姐妹对，将在5月5日的满月月食出现，它发生在天蝎座，财务第八宫，代表他人金钱,2023-05,白羊座
619,月食,,,月食总是成对出现，上个月新月的姐妹对，将在5月5日的满月月食出现，它发生在天蝎座，财务第八宫，代表他人金钱,2023-05,白羊座
620,月食,,,月食总是成对出现，上个月新月的姐妹对，将在5月5日的满月月食出现，它发生在天蝎座，财务第八宫，代表他人金钱,2023-05,白羊座
621,日食,,,5月5日的日食可能与家庭有关，或者与之前在去年的10月10日、11月8日或12月7日前后发生的事情有关,2023-05,白羊座
622,月食,水星,,水星将在本月一直逆行到5月14日，所以不要因为5月5日的月食而急于做出结论或重大决定,2023-05,白羊座
623,月食,,,5月19日的新月将带来更多的财务消息，但与5月5日的月食不同，这次新月(不是月食)将提供赚钱的机会，可能是本职工作加薪，也可能是获批贷款或家里捎来了礼物,2023-05,白羊座
624,月食,,,5月19日的新月将带来更多的财务消息，但与5月5日的月食不同，这次新月(不是月食)将提供赚钱的机会，可能是本职工作加薪，也可能是获批贷款或家里捎来了礼物,2023-05,白羊座
625,月食,,,日月食总是成对出现，早些时候的新月日食出现在4月19日的白羊座尾巴上，仅仅和金牛座差了1.5°,2023-05,白羊座
626,月食,,,日月食总是成对出现，早些时候的新月日食出现在4月19日的白羊座尾巴上，仅仅和金牛座差了1.5°,2023-05,白羊座
627,月食,,,日月食总是成对出现，早些时候的新月日食出现在4月19日的白羊座尾巴上，仅仅和金牛座差了1.5°,2023-05,白羊座
628,日食,,,外带新月日食的影响力是一般新月的叠加，非常强大、有力，因此好的好的开始会带来显著成果,2023-05,白羊座
629,日食,,,外带新月日食的影响力是一般新月的叠加，非常强大、有力，因此好的好的开始会带来显著成果,2023-05,白羊座
630,月食,,,以上所说，就是想表达一件事，就是当宇宙在提示你可以放弃当下某个状态或关系，从而开启人生下一个篇章时，请心怀信念，积极看待这个满月月食带给你的一切,2023-05,白羊座
631,月食,,,以上所说，就是想表达一件事，就是当宇宙在提示你可以放弃当下某个状态或关系，从而开启人生下一个篇章时，请心怀信念，积极看待这个满月月食带给你的一切,2023-05,白羊座
632,月食,,,以上所说，就是想表达一件事，就是当宇宙在提示你可以放弃当下某个状态或关系，从而开启人生下一个篇章时，请心怀信念，积极看待这个满月月食带给你的一切,2023-05,白羊座
633,月食,,,此外，月食期间通常消息是伴随着外部环境变化而来，和你个人所说所做的关系并不大，也比较无能为力，但因为个体和环境的关联性，当局势在变，也会推动着我们生活某部分发生暂时性的颠覆性变化,2023-05,白羊座
634,日食,,,4月19日的日食帮助白羊们找到新的光，通常你们总是埋头于生活中的琐碎，忙碌不得脱身，从而无法让自己跳出迷局，看看能否更进一步，成为更成熟，更有格局的自己,2023-05,白羊座
635,日食,,,4月19日的日食帮助白羊们找到新的光，通常你们总是埋头于生活中的琐碎，忙碌不得脱身，从而无法让自己跳出迷局，看看能否更进一步，成为更成熟，更有格局的自己,2023-05,白羊座
636,日食,,,4月19日的日食帮助白羊们找到新的光，通常你们总是埋头于生活中的琐碎，忙碌不得脱身，从而无法让自己跳出迷局，看看能否更进一步，成为更成熟，更有格局的自己,2023-05,白羊座
637,月食,,,5月5日，满月月食可能会很紧张，这一点不可否认，食相期间出现的事情可能远远出乎意料,2023-05,金牛座
638,月食,,,5月5日，满月月食可能会很紧张，这一点不可否认，食相期间出现的事情可能远远出乎意料,2023-05,金牛座
639,月食,,,5月5日，满月月食可能会很紧张，这一点不可否认，食相期间出现的事情可能远远出乎意料,2023-05,金牛座
640,月食,,,5月5日，满月月食出现在你的对宫星座天蝎座，因此，你会聚焦一段亲密的伙伴或伴侣关系，而且满月月食很可能会为这段关系带来意外的紧张感,2023-05,金牛座
641,月食,,,5月5日，满月月食出现在你的对宫星座天蝎座，因此，你会聚焦一段亲密的伙伴或伴侣关系，而且满月月食很可能会为这段关系带来意外的紧张感,2023-05,金牛座
642,月食,,,5月5日，满月月食出现在你的对宫星座天蝎座，因此，你会聚焦一段亲密的伙伴或伴侣关系，而且满月月食很可能会为这段关系带来意外的紧张感,2023-05,金牛座
643,日食,,,如果5月5日食相期间收到了令人不安的消息，我们还要知道一点：2023年5月16日到2024年5月25日，我们拥有一整年的好日子,2023-05,金牛座
644,月食,木星,8,尽管上个月5月5日的月食可能已经带来了更多财务问题，不久之后5月16日木星又进入你的第八宫他人钱财宫，并将在那里待上一年，直到2024年5月25日,2023-06,天秤座
645,月食,,,上个月并不轻松，因为5月5日在天蝎座发生了一次重大的月食，无论你收到的是什么消息，它都会在你脑海中挥之不去,2023-06,天蝎座
646,月食,,,去年11月8日，金牛座满月月食重点强调了所有的伙伴关系，包括婚姻和感情伴侣关系，也包括事业合作关系,2023-06,天蝎座
647,月食,,,去年11月8日，金牛座满月月食重点强调了所有的伙伴关系，包括婚姻和感情伴侣关系，也包括事业合作关系,2023-06,天蝎座
648,日食,,,如果你上升在天蝎座15°左右，那么可能也会感受到两次日食——至少其中一次掀起的巨大变化,2023-06,天蝎座
649,月食,,,金牛座-天蝎座轴线的食相还会再出现最后一次——10月28日，以金牛座满月月食的形式出现,2023-06,天蝎座
650,月食,,,金牛座-天蝎座轴线的食相还会再出现最后一次——10月28日，以金牛座满月月食的形式出现,2023-06,天蝎座
651,月食,,,金牛座-天蝎座轴线的食相还会再出现最后一次——10月28日，以金牛座满月月食的形式出现,2023-06,天蝎座
652,月食,,,金牛座-天蝎座轴线的食相还会再出现最后一次——10月28日，以金牛座满月月食的形式出现,2023-06,天蝎座
653,月食,,,金牛座-天蝎座轴线的食相还会再出现最后一次——10月28日，以金牛座满月月食的形式出现,2023-06,天蝎座
654,月食,,,4月19日的白羊座满月日食和5月5日的天蝎座月食影响下，生活仿佛一出疯狂的戏剧，时而刺激，时而恐惧，但从不无聊,2023-06,射手座
655,月食,,,4月19日的白羊座满月日食和5月5日的天蝎座月食影响下，生活仿佛一出疯狂的戏剧，时而刺激，时而恐惧，但从不无聊,2023-06,射手座
656,月食,,,4月19日的白羊座满月日食和5月5日的天蝎座月食影响下，生活仿佛一出疯狂的戏剧，时而刺激，时而恐惧，但从不无聊,2023-06,射手座
657,月食,"水星,金星,火星,木星,天王星,冥王星",,现在，诸多行星在固定宫内，火星和金星在狮子座内，天王星、水星和木星在金牛座内，冥王星在水瓶座内（直到6月11日），以及5月5日的天蝎月食，这意味着，你周围没有人愿意让步,2023-06,射手座
658,月食,,,上个月的5月5日的月食发生在你的交友宫天蝎座内，无论当时发生了什么，你都似乎依然还在脑海中挂念（有时日月食带来的信息会在1个月之后才发送，所以也可能是在6月第一周送达）,2023-06,摩羯座
659,月食,,,起初你可能收到了有关某位朋友或你约会对象、你某个孩子的糟糕消息，对你产生了冲击——日月食总是会出乎意料地推动我们采取行动,2023-06,摩羯座
660,月食,,,5月5日的满月月食可能让你震惊或担忧，感情关系或者商业上密切合作的人会出现一些动向,2023-06,金牛座
661,月食,,,5月5日的满月月食可能让你震惊或担忧，感情关系或者商业上密切合作的人会出现一些动向,2023-06,金牛座
662,月食,,,5月5日的满月月食可能让你震惊或担忧，感情关系或者商业上密切合作的人会出现一些动向,2023-06,金牛座
663,月食,,,有时候，月食会延后一个月（对应这次，也就是6月3日及前后几天）或提前一个月（4月5日）传递讯息,2023-06,金牛座
664,月食,,,有时候，月食会延后一个月（对应这次，也就是6月3日及前后几天）或提前一个月（4月5日）传递讯息,2023-06,金牛座
665,月食,,,有时候，月食会延后一个月（对应这次，也就是6月3日及前后几天）或提前一个月（4月5日）传递讯息,2023-06,金牛座
666,月食,,,另外，如果你的生日在5月5日及前后5天之内，而上个月没有什么新消息出现，那么6月3日满月期间及前后五天，5月5日食相引发的相关信息可能还会出现,2023-06,金牛座
667,月食,,,另外，如果你的生日在5月5日及前后5天之内，而上个月没有什么新消息出现，那么6月3日满月期间及前后五天，5月5日食相引发的相关信息可能还会出现,2023-06,金牛座
668,月食,,,另外，如果你的生日在5月5日及前后5天之内，而上个月没有什么新消息出现，那么6月3日满月期间及前后五天，5月5日食相引发的相关信息可能还会出现,2023-06,金牛座
669,月食,,,这次食相会出现在10月28日，是一次金牛座满月月食，和已经感受过的一系列食相相比，这次月食很温柔,2023-07,金牛座
670,月食,,,这次食相会出现在10月28日，是一次金牛座满月月食，和已经感受过的一系列食相相比，这次月食很温柔,2023-07,金牛座
671,月食,,,这次食相会出现在10月28日，是一次金牛座满月月食，和已经感受过的一系列食相相比，这次月食很温柔,2023-07,金牛座
672,月食,木星,,（10月即将到来的满月月食将是一次温和的月食，并与木星相合，所以届时你甚至可能会收到一笔丰厚的款项）,2023-08,天秤座
673,月食,木星,,（10月即将到来的满月月食将是一次温和的月食，并与木星相合，所以届时你甚至可能会收到一笔丰厚的款项）,2023-08,天秤座
674,日食,,,你现在的生活看起来很不一样，事实上，尽管过去两年中的一些日食很艰难，但它们确实扫除了你生活中的蛛网,2023-08,狮子座
675,日食,,,这些天的生活可能看起来很不一样，但要接受它——日食一直要求你重新定义职业和目标感，还要考虑家庭和住房,2023-08,狮子座
676,月食,,,11月末的非常有利于事业的满月之前，还有10月14日的一个日食，可能帮你得到利润丰厚的收入来源,2023-09,处女座
677,月食,,,11月末的非常有利于事业的满月之前，还有10月14日的一个日食，可能帮你得到利润丰厚的收入来源,2023-09,处女座
678,月食,,,11月末的非常有利于事业的满月之前，还有10月14日的一个日食，可能帮你得到利润丰厚的收入来源,2023-09,处女座
679,月食,,,11月末的非常有利于事业的满月之前，还有10月14日的一个日食，可能帮你得到利润丰厚的收入来源,2023-09,处女座
680,日食,,,9月的支出比平时更高，10月初有10月14日发生的新月日食，那时可能出现另一个进账来源,2023-09,处女座
681,日食,,,9月的支出比平时更高，10月初有10月14日发生的新月日食，那时可能出现另一个进账来源,2023-09,处女座
682,日食,,,此外，今年的日食将移至白羊座和天秤座，远离金牛座和天蝎座，这将有助于你处理家庭事务,2023-09,巨蟹座
683,日食,,,此外，今年的日食将移至白羊座和天秤座，远离金牛座和天蝎座，这将有助于你处理家庭事务,2023-09,巨蟹座
684,日食,火星,,值得注意的是，等到火星刚离开，10月14日你就将迎来一个恰好发生在你星盘中同一领域的积极的天秤座新月日食,2023-09,摩羯座
685,日食,火星,,值得注意的是，等到火星刚离开，10月14日你就将迎来一个恰好发生在你星盘中同一领域的积极的天秤座新月日食,2023-09,摩羯座
686,日食,火星,11,火星将于10月11日离开你星盘中这个很有意思的社交宫位，但不用担心，本月对你来说最重要的相位——新月日食，将于10月14日在天秤座21度到来，并掀起影响你爱情生活的重要趋势,2023-10,双子座
687,日食,火星,11,火星将于10月11日离开你星盘中这个很有意思的社交宫位，但不用担心，本月对你来说最重要的相位——新月日食，将于10月14日在天秤座21度到来，并掀起影响你爱情生活的重要趋势,2023-10,双子座
688,日食,,,这是一轮新月，由于日食的缘故，这轮新月的力量更加强大，日食通常预示着一个重要的人生开端——你可能会铭记很久,2023-10,双子座
689,日食,,,这是一轮新月，由于日食的缘故，这轮新月的力量更加强大，日食通常预示着一个重要的人生开端——你可能会铭记很久,2023-10,双子座
690,月食,火星,,10月神奇的浪漫气氛将被火星移入天蝎座（10月11日至11月24日）以及满月月食打断，也就是10月28日到达金牛座5度的满月月食,2023-10,双子座
691,月食,火星,,10月神奇的浪漫气氛将被火星移入天蝎座（10月11日至11月24日）以及满月月食打断，也就是10月28日到达金牛座5度的满月月食,2023-10,双子座
692,月食,火星,,10月神奇的浪漫气氛将被火星移入天蝎座（10月11日至11月24日）以及满月月食打断，也就是10月28日到达金牛座5度的满月月食,2023-10,双子座
693,日食,,,打离婚的双鱼座，可能正在经历财产分割，10月14日的日食也将是与即将成为“过去式“的那位谈判的好时机,2023-10,双鱼座
694,月食,"金星,海王星",,月食的时候，金星是主星，对冲海王星，说明你不掌握全部事实，还不能做出信息全面的决定,2023-10,处女座
695,日食,,,10月14日天秤座21°的新月日食之时，聚光灯很快就会转向你——请注意这一天后的10天,2023-10,天秤座
696,日食,,,10月14日天秤座21°的新月日食之时，聚光灯很快就会转向你——请注意这一天后的10天,2023-10,天秤座
697,月食,,,10月28日的月食将会触发一个决定，所以我要补充一点，如果你一直都不太开心，你可能会下定决心离开某段你称之为关系的重要的关系,2023-10,天蝎座
698,日食,火星,,10月14日，在火星离开之后，新月日食发生在天秤座21度，为你的第十一宫增添了更多的能量,2023-10,射手座
699,日食,火星,,10月14日，在火星离开之后，新月日食发生在天秤座21度，为你的第十一宫增添了更多的能量,2023-10,射手座
700,日食,火星,,火星从该宫位撤离后，巨蟹将迎来另一个重要的星象——10月14日发生在天秤宫21°的新月日食,2023-10,巨蟹座
701,日食,火星,,火星从该宫位撤离后，巨蟹将迎来另一个重要的星象——10月14日发生在天秤宫21°的新月日食,2023-10,巨蟹座
702,月食,,,10月28日，是金牛座5°的满月月食，本次月食让你将关注力集中到某位亲密的女性友人身上,2023-10,巨蟹座
703,月食,,,10月28日，是金牛座5°的满月月食，本次月食让你将关注力集中到某位亲密的女性友人身上,2023-10,巨蟹座
704,月食,,,10月28日，是金牛座5°的满月月食，本次月食让你将关注力集中到某位亲密的女性友人身上,2023-10,巨蟹座
705,日食,火星,,10月11日当火星离开天秤座后，随即新月日食就于10月14日出现在你星盘中同样的位置天秤座（21度）内,2023-10,摩羯座
706,日食,火星,,10月11日当火星离开天秤座后，随即新月日食就于10月14日出现在你星盘中同样的位置天秤座（21度）内,2023-10,摩羯座
707,日食,火星,,10月11日当火星离开天秤座后，随即新月日食就于10月14日出现在你星盘中同样的位置天秤座（21度）内,2023-10,摩羯座
708,月食,,,与此同时，你还将迎来另一次食相，那就是10月28日发生在金牛座5度点亮你第5宫真爱宫的满月月食,2023-10,摩羯座
709,月食,,,与此同时，你还将迎来另一次食相，那就是10月28日发生在金牛座5度点亮你第5宫真爱宫的满月月食,2023-10,摩羯座
710,月食,,,与此同时，你还将迎来另一次食相，那就是10月28日发生在金牛座5度点亮你第5宫真爱宫的满月月食,2023-10,摩羯座
711,日食,,,那次旅行只是你的开胃菜，所以看起来在10月14日天秤座新月日食之后，一场更重要的旅行即将到来,2023-10,水瓶座
712,日食,,,那次旅行只是你的开胃菜，所以看起来在10月14日天秤座新月日食之后，一场更重要的旅行即将到来,2023-10,水瓶座
713,日食,,,那次旅行只是你的开胃菜，所以看起来在10月14日天秤座新月日食之后，一场更重要的旅行即将到来,2023-10,水瓶座
714,月食,火星,,就在火星离开你掌管遥远旅行的第九宫时，你将在10月14日在天秤座21度看到新月食，这也是你星盘上的旅行区域,2023-10,水瓶座
715,月食,火星,,就在火星离开你掌管遥远旅行的第九宫时，你将在10月14日在天秤座21度看到新月食，这也是你星盘上的旅行区域,2023-10,水瓶座
716,月食,,,由于2021年11月开始的天蝎座-金牛座系列月食，许多水瓶座人一直在搬家、购买和出售房产,2023-10,水瓶座
717,月食,木星,,10月28日的月食是这个系列中最甜蜜的一次月食，因为满月将与木星肩并肩地绕轨道运行,2023-10,水瓶座
718,月食,木星,,10月28日的月食是这个系列中最甜蜜的一次月食，因为满月将与木星肩并肩地绕轨道运行,2023-10,水瓶座
719,月食,木星,,10月28日的月食是这个系列中最甜蜜的一次月食，因为满月将与木星肩并肩地绕轨道运行,2023-10,水瓶座
720,日食,,,新月发生在10月14日，天秤座21度，这是个新月日食，将帮助你们和重要的另一半进一步巩固长期计划，可能有些情况比计划的还要来得快,2023-10,白羊座
721,日食,,,新月发生在10月14日，天秤座21度，这是个新月日食，将帮助你们和重要的另一半进一步巩固长期计划，可能有些情况比计划的还要来得快,2023-10,白羊座
722,月食,,,两周后，满月月食发生在金牛座5度，10月28日那天，它会落于代表收入的二宫，预示可能会有新的收入来源到来,2023-10,白羊座
723,月食,,,两周后，满月月食发生在金牛座5度，10月28日那天，它会落于代表收入的二宫，预示可能会有新的收入来源到来,2023-10,白羊座
724,月食,,,两周后，满月月食发生在金牛座5度，10月28日那天，它会落于代表收入的二宫，预示可能会有新的收入来源到来,2023-10,白羊座
725,月食,,6,进入11月，你可能会关注健康问题，因为10月28日的月食——一个友好的月食——来到了你的第六健康宫,2023-11,双子座
726,月食,,6,进入11月，你可能会关注健康问题，因为10月28日的月食——一个友好的月食——来到了你的第六健康宫,2023-11,双子座
727,月食,,,一轮麻烦的新月（但不是月食）将于11月13日在天蝎座21度出现，把你的注意力吸引到工作上，还有向你汇报工作的个人或团队中的某个成员身上,2023-11,双子座
728,月食,,,一轮麻烦的新月（但不是月食）将于11月13日在天蝎座21度出现，把你的注意力吸引到工作上，还有向你汇报工作的个人或团队中的某个成员身上,2023-11,双子座
729,月食,,2,上个月经历了两个日月食——10月15日发生在你星盘第二宫财务宫的天秤座日食，可能带来了新的收入渠道或贵重礼物,2023-11,处女座
730,月食,,2,上个月经历了两个日月食——10月15日发生在你星盘第二宫财务宫的天秤座日食，可能带来了新的收入渠道或贵重礼物,2023-11,处女座
731,日食,,,11月13日我们即将迎来天蝎座21°新月（不是日食），这个新月不是全然顺利的，新月出现在你星盘掌管沟通交流的第三宫，你可能开始劳资谈判、需要起草或签署合同、开始写书、发送重要的投稿、举荐信、组稿科研白皮书、被指派去做重要的医药研究以供同行评议、为法院案例撰写开场陈述、撰写纪录片文稿或剧本等等,2023-11,处女座
732,日食,,,11月13日我们即将迎来天蝎座21°新月（不是日食），这个新月不是全然顺利的，新月出现在你星盘掌管沟通交流的第三宫，你可能开始劳资谈判、需要起草或签署合同、开始写书、发送重要的投稿、举荐信、组稿科研白皮书、被指派去做重要的医药研究以供同行评议、为法院案例撰写开场陈述、撰写纪录片文稿或剧本等等,2023-11,处女座
733,月食,,,10月28日的金牛座满月月食点亮了你掌管他人钱财的第八宫，金钱主题便由此拉开了序幕,2023-11,天秤座
734,月食,,,10月28日的金牛座满月月食点亮了你掌管他人钱财的第八宫，金钱主题便由此拉开了序幕,2023-11,天秤座
735,月食,,,11 月 13 日的新月发生在天蝎座21°，金钱将继续消耗你的思维，这次新月虽然不是月食，但也挺麻烦,2023-11,天秤座
736,月食,,,11 月 13 日的新月发生在天蝎座21°，金钱将继续消耗你的思维，这次新月虽然不是月食，但也挺麻烦,2023-11,天秤座
737,月食,,,工作方面进展顺利，从10月28日发生在你的第六宫工作日常宫金牛座的满月月偏食带来的消息来看，你似乎在给某个重要的大项目收尾,2023-11,射手座
738,月食,,,工作方面进展顺利，从10月28日发生在你的第六宫工作日常宫金牛座的满月月偏食带来的消息来看，你似乎在给某个重要的大项目收尾,2023-11,射手座
739,月食,,,工作方面进展顺利，从10月28日发生在你的第六宫工作日常宫金牛座的满月月偏食带来的消息来看，你似乎在给某个重要的大项目收尾,2023-11,射手座
740,月食,,,工作方面进展顺利，从10月28日发生在你的第六宫工作日常宫金牛座的满月月偏食带来的消息来看，你似乎在给某个重要的大项目收尾,2023-11,射手座
741,月食,木星,,如果你已有伴侣，那么由于10月28日木星与满月月食合相——这是一个罕见而辉煌的星象配置——会将第5宫所象征的爱情直接与第7宫代表的婚姻相连,2023-11,摩羯座
742,月食,木星,,如果你已有伴侣，那么由于10月28日木星与满月月食合相——这是一个罕见而辉煌的星象配置——会将第5宫所象征的爱情直接与第7宫代表的婚姻相连,2023-11,摩羯座
743,月食,,,由于上个月10月28日发生在金牛座的满月月食，你可能会庆祝事业上的一次胜利，因为它照亮了你代表荣誉、奖励和成就的第十宫,2023-11,狮子座
744,月食,,,由于上个月10月28日发生在金牛座的满月月食，你可能会庆祝事业上的一次胜利，因为它照亮了你代表荣誉、奖励和成就的第十宫,2023-11,狮子座
745,月食,,,由于上个月10月28日发生在金牛座的满月月食，你可能会庆祝事业上的一次胜利，因为它照亮了你代表荣誉、奖励和成就的第十宫,2023-11,狮子座
746,月食,木星,,代表礼物和幸运的木星，会和满月相合，这样一来，最有影响力，通常带来变局的日月食和木星遇上，好消息蜂拥而至就不言而喻，真是令人高兴,2023-11,白羊座
747,月食,木星,,代表礼物和幸运的木星，会和满月相合，这样一来，最有影响力，通常带来变局的日月食和木星遇上，好消息蜂拥而至就不言而喻，真是令人高兴,2023-11,白羊座
748,月食,天王星,,财务会是白羊持续关注的话题，因为11月13日，新月发生在天蝎座21度（但没有日月食），但因为天王星的心情不怎么样，会搅局，导致白羊会再次感觉到财务压力,2023-11,白羊座
749,月食,天王星,,财务会是白羊持续关注的话题，因为11月13日，新月发生在天蝎座21度（但没有日月食），但因为天王星的心情不怎么样，会搅局，导致白羊会再次感觉到财务压力,2023-11,白羊座
